# generated stress profile
# count=5000
hostile=0.0,-6.000,4.400,0.0,2
hostile=0.0,-5.998,4.400,0.0,2
hostile=0.0,-5.995,4.400,0.0,2
hostile=0.0,-5.993,4.400,0.0,2
hostile=0.0,-5.990,4.400,0.0,2
hostile=0.0,-5.988,4.400,0.0,2
hostile=0.0,-5.986,4.400,0.0,2
hostile=0.0,-5.983,4.400,0.0,2
hostile=0.0,-5.981,4.400,0.0,2
hostile=0.0,-5.978,4.400,0.0,2
hostile=0.0,-5.976,4.400,0.0,2
hostile=0.0,-5.974,4.400,0.0,2
hostile=0.0,-5.971,4.400,0.0,2
hostile=0.0,-5.969,4.400,0.0,2
hostile=0.0,-5.966,4.400,0.0,2
hostile=0.0,-5.964,4.400,0.0,2
hostile=0.0,-5.962,4.400,0.0,2
hostile=0.0,-5.959,4.400,0.0,2
hostile=0.0,-5.957,4.400,0.0,2
hostile=0.0,-5.954,4.400,0.0,2
hostile=0.0,-5.952,4.400,0.0,2
hostile=0.0,-5.950,4.400,0.0,2
hostile=0.0,-5.947,4.400,0.0,2
hostile=0.0,-5.945,4.400,0.0,2
hostile=0.0,-5.942,4.400,0.0,2
hostile=0.0,-5.940,4.400,0.0,2
hostile=0.0,-5.938,4.400,0.0,2
hostile=0.0,-5.935,4.400,0.0,2
hostile=0.0,-5.933,4.400,0.0,2
hostile=0.0,-5.930,4.400,0.0,2
hostile=0.0,-5.928,4.400,0.0,2
hostile=0.0,-5.926,4.400,0.0,2
hostile=0.0,-5.923,4.400,0.0,2
hostile=0.0,-5.921,4.400,0.0,2
hostile=0.0,-5.918,4.400,0.0,2
hostile=0.0,-5.916,4.400,0.0,2
hostile=0.0,-5.914,4.400,0.0,2
hostile=0.0,-5.911,4.400,0.0,2
hostile=0.0,-5.909,4.400,0.0,2
hostile=0.0,-5.906,4.400,0.0,2
hostile=0.0,-5.904,4.400,0.0,2
hostile=0.0,-5.902,4.400,0.0,2
hostile=0.0,-5.899,4.400,0.0,2
hostile=0.0,-5.897,4.400,0.0,2
hostile=0.0,-5.894,4.400,0.0,2
hostile=0.0,-5.892,4.400,0.0,2
hostile=0.0,-5.890,4.400,0.0,2
hostile=0.0,-5.887,4.400,0.0,2
hostile=0.0,-5.885,4.400,0.0,2
hostile=0.0,-5.882,4.400,0.0,2
hostile=0.0,-5.880,4.400,0.0,2
hostile=0.0,-5.878,4.400,0.0,2
hostile=0.0,-5.875,4.400,0.0,2
hostile=0.0,-5.873,4.400,0.0,2
hostile=0.0,-5.870,4.400,0.0,2
hostile=0.0,-5.868,4.400,0.0,2
hostile=0.0,-5.866,4.400,0.0,2
hostile=0.0,-5.863,4.400,0.0,2
hostile=0.0,-5.861,4.400,0.0,2
hostile=0.0,-5.858,4.400,0.0,2
hostile=0.0,-5.856,4.400,0.0,2
hostile=0.0,-5.854,4.400,0.0,2
hostile=0.0,-5.851,4.400,0.0,2
hostile=0.0,-5.849,4.400,0.0,2
hostile=0.0,-5.846,4.400,0.0,2
hostile=0.0,-5.844,4.400,0.0,2
hostile=0.0,-5.842,4.400,0.0,2
hostile=0.0,-5.839,4.400,0.0,2
hostile=0.0,-5.837,4.400,0.0,2
hostile=0.0,-5.834,4.400,0.0,2
hostile=0.0,-5.832,4.400,0.0,2
hostile=0.0,-5.830,4.400,0.0,2
hostile=0.0,-5.827,4.400,0.0,2
hostile=0.0,-5.825,4.400,0.0,2
hostile=0.0,-5.822,4.400,0.0,2
hostile=0.0,-5.820,4.400,0.0,2
hostile=0.0,-5.818,4.400,0.0,2
hostile=0.0,-5.815,4.400,0.0,2
hostile=0.0,-5.813,4.400,0.0,2
hostile=0.0,-5.810,4.400,0.0,2
hostile=0.0,-5.808,4.400,0.0,2
hostile=0.0,-5.806,4.400,0.0,2
hostile=0.0,-5.803,4.400,0.0,2
hostile=0.0,-5.801,4.400,0.0,2
hostile=0.0,-5.798,4.400,0.0,2
hostile=0.0,-5.796,4.400,0.0,2
hostile=0.0,-5.794,4.400,0.0,2
hostile=0.0,-5.791,4.400,0.0,2
hostile=0.0,-5.789,4.400,0.0,2
hostile=0.0,-5.786,4.400,0.0,2
hostile=0.0,-5.784,4.400,0.0,2
hostile=0.0,-5.782,4.400,0.0,2
hostile=0.0,-5.779,4.400,0.0,2
hostile=0.0,-5.777,4.400,0.0,2
hostile=0.0,-5.774,4.400,0.0,2
hostile=0.0,-5.772,4.400,0.0,2
hostile=0.0,-5.770,4.400,0.0,2
hostile=0.0,-5.767,4.400,0.0,2
hostile=0.0,-5.765,4.400,0.0,2
hostile=0.0,-5.762,4.400,0.0,2
hostile=0.0,-5.760,4.400,0.0,2
hostile=0.0,-5.758,4.400,0.0,2
hostile=0.0,-5.755,4.400,0.0,2
hostile=0.0,-5.753,4.400,0.0,2
hostile=0.0,-5.750,4.400,0.0,2
hostile=0.0,-5.748,4.400,0.0,2
hostile=0.0,-5.746,4.400,0.0,2
hostile=0.0,-5.743,4.400,0.0,2
hostile=0.0,-5.741,4.400,0.0,2
hostile=0.0,-5.738,4.400,0.0,2
hostile=0.0,-5.736,4.400,0.0,2
hostile=0.0,-5.734,4.400,0.0,2
hostile=0.0,-5.731,4.400,0.0,2
hostile=0.0,-5.729,4.400,0.0,2
hostile=0.0,-5.726,4.400,0.0,2
hostile=0.0,-5.724,4.400,0.0,2
hostile=0.0,-5.722,4.400,0.0,2
hostile=0.0,-5.719,4.400,0.0,2
hostile=0.0,-5.717,4.400,0.0,2
hostile=0.0,-5.714,4.400,0.0,2
hostile=0.0,-5.712,4.400,0.0,2
hostile=0.0,-5.710,4.400,0.0,2
hostile=0.0,-5.707,4.400,0.0,2
hostile=0.0,-5.705,4.400,0.0,2
hostile=0.0,-5.702,4.400,0.0,2
hostile=0.0,-5.700,4.400,0.0,2
hostile=0.0,-5.698,4.400,0.0,2
hostile=0.0,-5.695,4.400,0.0,2
hostile=0.0,-5.693,4.400,0.0,2
hostile=0.0,-5.690,4.400,0.0,2
hostile=0.0,-5.688,4.400,0.0,2
hostile=0.0,-5.686,4.400,0.0,2
hostile=0.0,-5.683,4.400,0.0,2
hostile=0.0,-5.681,4.400,0.0,2
hostile=0.0,-5.678,4.400,0.0,2
hostile=0.0,-5.676,4.400,0.0,2
hostile=0.0,-5.674,4.400,0.0,2
hostile=0.0,-5.671,4.400,0.0,2
hostile=0.0,-5.669,4.400,0.0,2
hostile=0.0,-5.666,4.400,0.0,2
hostile=0.0,-5.664,4.400,0.0,2
hostile=0.0,-5.662,4.400,0.0,2
hostile=0.0,-5.659,4.400,0.0,2
hostile=0.0,-5.657,4.400,0.0,2
hostile=0.0,-5.654,4.400,0.0,2
hostile=0.0,-5.652,4.400,0.0,2
hostile=0.0,-5.650,4.400,0.0,2
hostile=0.0,-5.647,4.400,0.0,2
hostile=0.0,-5.645,4.400,0.0,2
hostile=0.0,-5.642,4.400,0.0,2
hostile=0.0,-5.640,4.400,0.0,2
hostile=0.0,-5.638,4.400,0.0,2
hostile=0.0,-5.635,4.400,0.0,2
hostile=0.0,-5.633,4.400,0.0,2
hostile=0.0,-5.630,4.400,0.0,2
hostile=0.0,-5.628,4.400,0.0,2
hostile=0.0,-5.626,4.400,0.0,2
hostile=0.0,-5.623,4.400,0.0,2
hostile=0.0,-5.621,4.400,0.0,2
hostile=0.0,-5.618,4.400,0.0,2
hostile=0.0,-5.616,4.400,0.0,2
hostile=0.0,-5.614,4.400,0.0,2
hostile=0.0,-5.611,4.400,0.0,2
hostile=0.0,-5.609,4.400,0.0,2
hostile=0.0,-5.606,4.400,0.0,2
hostile=0.0,-5.604,4.400,0.0,2
hostile=0.0,-5.602,4.400,0.0,2
hostile=0.0,-5.599,4.400,0.0,2
hostile=0.0,-5.597,4.400,0.0,2
hostile=0.0,-5.594,4.400,0.0,2
hostile=0.0,-5.592,4.400,0.0,2
hostile=0.0,-5.590,4.400,0.0,2
hostile=0.0,-5.587,4.400,0.0,2
hostile=0.0,-5.585,4.400,0.0,2
hostile=0.0,-5.582,4.400,0.0,2
hostile=0.0,-5.580,4.400,0.0,2
hostile=0.0,-5.578,4.400,0.0,2
hostile=0.0,-5.575,4.400,0.0,2
hostile=0.0,-5.573,4.400,0.0,2
hostile=0.0,-5.570,4.400,0.0,2
hostile=0.0,-5.568,4.400,0.0,2
hostile=0.0,-5.566,4.400,0.0,2
hostile=0.0,-5.563,4.400,0.0,2
hostile=0.0,-5.561,4.400,0.0,2
hostile=0.0,-5.558,4.400,0.0,2
hostile=0.0,-5.556,4.400,0.0,2
hostile=0.0,-5.554,4.400,0.0,2
hostile=0.0,-5.551,4.400,0.0,2
hostile=0.0,-5.549,4.400,0.0,2
hostile=0.0,-5.546,4.400,0.0,2
hostile=0.0,-5.544,4.400,0.0,2
hostile=0.0,-5.542,4.400,0.0,2
hostile=0.0,-5.539,4.400,0.0,2
hostile=0.0,-5.537,4.400,0.0,2
hostile=0.0,-5.534,4.400,0.0,2
hostile=0.0,-5.532,4.400,0.0,2
hostile=0.0,-5.530,4.400,0.0,2
hostile=0.0,-5.527,4.400,0.0,2
hostile=0.0,-5.525,4.400,0.0,2
hostile=0.0,-5.522,4.400,0.0,2
hostile=0.0,-5.520,4.400,0.0,2
hostile=0.0,-5.518,4.400,0.0,2
hostile=0.0,-5.515,4.400,0.0,2
hostile=0.0,-5.513,4.400,0.0,2
hostile=0.0,-5.510,4.400,0.0,2
hostile=0.0,-5.508,4.400,0.0,2
hostile=0.0,-5.506,4.400,0.0,2
hostile=0.0,-5.503,4.400,0.0,2
hostile=0.0,-5.501,4.400,0.0,2
hostile=0.0,-5.498,4.400,0.0,2
hostile=0.0,-5.496,4.400,0.0,2
hostile=0.0,-5.493,4.400,0.0,2
hostile=0.0,-5.491,4.400,0.0,2
hostile=0.0,-5.489,4.400,0.0,2
hostile=0.0,-5.486,4.400,0.0,2
hostile=0.0,-5.484,4.400,0.0,2
hostile=0.0,-5.481,4.400,0.0,2
hostile=0.0,-5.479,4.400,0.0,2
hostile=0.0,-5.477,4.400,0.0,2
hostile=0.0,-5.474,4.400,0.0,2
hostile=0.0,-5.472,4.400,0.0,2
hostile=0.0,-5.469,4.400,0.0,2
hostile=0.0,-5.467,4.400,0.0,2
hostile=0.0,-5.465,4.400,0.0,2
hostile=0.0,-5.462,4.400,0.0,2
hostile=0.0,-5.460,4.400,0.0,2
hostile=0.0,-5.457,4.400,0.0,2
hostile=0.0,-5.455,4.400,0.0,2
hostile=0.0,-5.453,4.400,0.0,2
hostile=0.0,-5.450,4.400,0.0,2
hostile=0.0,-5.448,4.400,0.0,2
hostile=0.0,-5.445,4.400,0.0,2
hostile=0.0,-5.443,4.400,0.0,2
hostile=0.0,-5.441,4.400,0.0,2
hostile=0.0,-5.438,4.400,0.0,2
hostile=0.0,-5.436,4.400,0.0,2
hostile=0.0,-5.433,4.400,0.0,2
hostile=0.0,-5.431,4.400,0.0,2
hostile=0.0,-5.429,4.400,0.0,2
hostile=0.0,-5.426,4.400,0.0,2
hostile=0.0,-5.424,4.400,0.0,2
hostile=0.0,-5.421,4.400,0.0,2
hostile=0.0,-5.419,4.400,0.0,2
hostile=0.0,-5.417,4.400,0.0,2
hostile=0.0,-5.414,4.400,0.0,2
hostile=0.0,-5.412,4.400,0.0,2
hostile=0.0,-5.409,4.400,0.0,2
hostile=0.0,-5.407,4.400,0.0,2
hostile=0.0,-5.405,4.400,0.0,2
hostile=0.0,-5.402,4.400,0.0,2
hostile=0.0,-5.400,4.400,0.0,2
hostile=0.0,-5.397,4.400,0.0,2
hostile=0.0,-5.395,4.400,0.0,2
hostile=0.0,-5.393,4.400,0.0,2
hostile=0.0,-5.390,4.400,0.0,2
hostile=0.0,-5.388,4.400,0.0,2
hostile=0.0,-5.385,4.400,0.0,2
hostile=0.0,-5.383,4.400,0.0,2
hostile=0.0,-5.381,4.400,0.0,2
hostile=0.0,-5.378,4.400,0.0,2
hostile=0.0,-5.376,4.400,0.0,2
hostile=0.0,-5.373,4.400,0.0,2
hostile=0.0,-5.371,4.400,0.0,2
hostile=0.0,-5.369,4.400,0.0,2
hostile=0.0,-5.366,4.400,0.0,2
hostile=0.0,-5.364,4.400,0.0,2
hostile=0.0,-5.361,4.400,0.0,2
hostile=0.0,-5.359,4.400,0.0,2
hostile=0.0,-5.357,4.400,0.0,2
hostile=0.0,-5.354,4.400,0.0,2
hostile=0.0,-5.352,4.400,0.0,2
hostile=0.0,-5.349,4.400,0.0,2
hostile=0.0,-5.347,4.400,0.0,2
hostile=0.0,-5.345,4.400,0.0,2
hostile=0.0,-5.342,4.400,0.0,2
hostile=0.0,-5.340,4.400,0.0,2
hostile=0.0,-5.337,4.400,0.0,2
hostile=0.0,-5.335,4.400,0.0,2
hostile=0.0,-5.333,4.400,0.0,2
hostile=0.0,-5.330,4.400,0.0,2
hostile=0.0,-5.328,4.400,0.0,2
hostile=0.0,-5.325,4.400,0.0,2
hostile=0.0,-5.323,4.400,0.0,2
hostile=0.0,-5.321,4.400,0.0,2
hostile=0.0,-5.318,4.400,0.0,2
hostile=0.0,-5.316,4.400,0.0,2
hostile=0.0,-5.313,4.400,0.0,2
hostile=0.0,-5.311,4.400,0.0,2
hostile=0.0,-5.309,4.400,0.0,2
hostile=0.0,-5.306,4.400,0.0,2
hostile=0.0,-5.304,4.400,0.0,2
hostile=0.0,-5.301,4.400,0.0,2
hostile=0.0,-5.299,4.400,0.0,2
hostile=0.0,-5.297,4.400,0.0,2
hostile=0.0,-5.294,4.400,0.0,2
hostile=0.0,-5.292,4.400,0.0,2
hostile=0.0,-5.289,4.400,0.0,2
hostile=0.0,-5.287,4.400,0.0,2
hostile=0.0,-5.285,4.400,0.0,2
hostile=0.0,-5.282,4.400,0.0,2
hostile=0.0,-5.280,4.400,0.0,2
hostile=0.0,-5.277,4.400,0.0,2
hostile=0.0,-5.275,4.400,0.0,2
hostile=0.0,-5.273,4.400,0.0,2
hostile=0.0,-5.270,4.400,0.0,2
hostile=0.0,-5.268,4.400,0.0,2
hostile=0.0,-5.265,4.400,0.0,2
hostile=0.0,-5.263,4.400,0.0,2
hostile=0.0,-5.261,4.400,0.0,2
hostile=0.0,-5.258,4.400,0.0,2
hostile=0.0,-5.256,4.400,0.0,2
hostile=0.0,-5.253,4.400,0.0,2
hostile=0.0,-5.251,4.400,0.0,2
hostile=0.0,-5.249,4.400,0.0,2
hostile=0.0,-5.246,4.400,0.0,2
hostile=0.0,-5.244,4.400,0.0,2
hostile=0.0,-5.241,4.400,0.0,2
hostile=0.0,-5.239,4.400,0.0,2
hostile=0.0,-5.237,4.400,0.0,2
hostile=0.0,-5.234,4.400,0.0,2
hostile=0.0,-5.232,4.400,0.0,2
hostile=0.0,-5.229,4.400,0.0,2
hostile=0.0,-5.227,4.400,0.0,2
hostile=0.0,-5.225,4.400,0.0,2
hostile=0.0,-5.222,4.400,0.0,2
hostile=0.0,-5.220,4.400,0.0,2
hostile=0.0,-5.217,4.400,0.0,2
hostile=0.0,-5.215,4.400,0.0,2
hostile=0.0,-5.213,4.400,0.0,2
hostile=0.0,-5.210,4.400,0.0,2
hostile=0.0,-5.208,4.400,0.0,2
hostile=0.0,-5.205,4.400,0.0,2
hostile=0.0,-5.203,4.400,0.0,2
hostile=0.0,-5.201,4.400,0.0,2
hostile=0.0,-5.198,4.400,0.0,2
hostile=0.0,-5.196,4.400,0.0,2
hostile=0.0,-5.193,4.400,0.0,2
hostile=0.0,-5.191,4.400,0.0,2
hostile=0.0,-5.189,4.400,0.0,2
hostile=0.0,-5.186,4.400,0.0,2
hostile=0.0,-5.184,4.400,0.0,2
hostile=0.0,-5.181,4.400,0.0,2
hostile=0.0,-5.179,4.400,0.0,2
hostile=0.0,-5.177,4.400,0.0,2
hostile=0.0,-5.174,4.400,0.0,2
hostile=0.0,-5.172,4.400,0.0,2
hostile=0.0,-5.169,4.400,0.0,2
hostile=0.0,-5.167,4.400,0.0,2
hostile=0.0,-5.165,4.400,0.0,2
hostile=0.0,-5.162,4.400,0.0,2
hostile=0.0,-5.160,4.400,0.0,2
hostile=0.0,-5.157,4.400,0.0,2
hostile=0.0,-5.155,4.400,0.0,2
hostile=0.0,-5.153,4.400,0.0,2
hostile=0.0,-5.150,4.400,0.0,2
hostile=0.0,-5.148,4.400,0.0,2
hostile=0.0,-5.145,4.400,0.0,2
hostile=0.0,-5.143,4.400,0.0,2
hostile=0.0,-5.141,4.400,0.0,2
hostile=0.0,-5.138,4.400,0.0,2
hostile=0.0,-5.136,4.400,0.0,2
hostile=0.0,-5.133,4.400,0.0,2
hostile=0.0,-5.131,4.400,0.0,2
hostile=0.0,-5.129,4.400,0.0,2
hostile=0.0,-5.126,4.400,0.0,2
hostile=0.0,-5.124,4.400,0.0,2
hostile=0.0,-5.121,4.400,0.0,2
hostile=0.0,-5.119,4.400,0.0,2
hostile=0.0,-5.117,4.400,0.0,2
hostile=0.0,-5.114,4.400,0.0,2
hostile=0.0,-5.112,4.400,0.0,2
hostile=0.0,-5.109,4.400,0.0,2
hostile=0.0,-5.107,4.400,0.0,2
hostile=0.0,-5.105,4.400,0.0,2
hostile=0.0,-5.102,4.400,0.0,2
hostile=0.0,-5.100,4.400,0.0,2
hostile=0.0,-5.097,4.400,0.0,2
hostile=0.0,-5.095,4.400,0.0,2
hostile=0.0,-5.093,4.400,0.0,2
hostile=0.0,-5.090,4.400,0.0,2
hostile=0.0,-5.088,4.400,0.0,2
hostile=0.0,-5.085,4.400,0.0,2
hostile=0.0,-5.083,4.400,0.0,2
hostile=0.0,-5.081,4.400,0.0,2
hostile=0.0,-5.078,4.400,0.0,2
hostile=0.0,-5.076,4.400,0.0,2
hostile=0.0,-5.073,4.400,0.0,2
hostile=0.0,-5.071,4.400,0.0,2
hostile=0.0,-5.069,4.400,0.0,2
hostile=0.0,-5.066,4.400,0.0,2
hostile=0.0,-5.064,4.400,0.0,2
hostile=0.0,-5.061,4.400,0.0,2
hostile=0.0,-5.059,4.400,0.0,2
hostile=0.0,-5.057,4.400,0.0,2
hostile=0.0,-5.054,4.400,0.0,2
hostile=0.0,-5.052,4.400,0.0,2
hostile=0.0,-5.049,4.400,0.0,2
hostile=0.0,-5.047,4.400,0.0,2
hostile=0.0,-5.045,4.400,0.0,2
hostile=0.0,-5.042,4.400,0.0,2
hostile=0.0,-5.040,4.400,0.0,2
hostile=0.0,-5.037,4.400,0.0,2
hostile=0.0,-5.035,4.400,0.0,2
hostile=0.0,-5.033,4.400,0.0,2
hostile=0.0,-5.030,4.400,0.0,2
hostile=0.0,-5.028,4.400,0.0,2
hostile=0.0,-5.025,4.400,0.0,2
hostile=0.0,-5.023,4.400,0.0,2
hostile=0.0,-5.021,4.400,0.0,2
hostile=0.0,-5.018,4.400,0.0,2
hostile=0.0,-5.016,4.400,0.0,2
hostile=0.0,-5.013,4.400,0.0,2
hostile=0.0,-5.011,4.400,0.0,2
hostile=0.0,-5.009,4.400,0.0,2
hostile=0.0,-5.006,4.400,0.0,2
hostile=0.0,-5.004,4.400,0.0,2
hostile=0.0,-5.001,4.400,0.0,2
hostile=0.0,-4.999,4.400,0.0,2
hostile=0.0,-4.997,4.400,0.0,2
hostile=0.0,-4.994,4.400,0.0,2
hostile=0.0,-4.992,4.400,0.0,2
hostile=0.0,-4.989,4.400,0.0,2
hostile=0.0,-4.987,4.400,0.0,2
hostile=0.0,-4.985,4.400,0.0,2
hostile=0.0,-4.982,4.400,0.0,2
hostile=0.0,-4.980,4.400,0.0,2
hostile=0.0,-4.977,4.400,0.0,2
hostile=0.0,-4.975,4.400,0.0,2
hostile=0.0,-4.973,4.400,0.0,2
hostile=0.0,-4.970,4.400,0.0,2
hostile=0.0,-4.968,4.400,0.0,2
hostile=0.0,-4.965,4.400,0.0,2
hostile=0.0,-4.963,4.400,0.0,2
hostile=0.0,-4.961,4.400,0.0,2
hostile=0.0,-4.958,4.400,0.0,2
hostile=0.0,-4.956,4.400,0.0,2
hostile=0.0,-4.953,4.400,0.0,2
hostile=0.0,-4.951,4.400,0.0,2
hostile=0.0,-4.949,4.400,0.0,2
hostile=0.0,-4.946,4.400,0.0,2
hostile=0.0,-4.944,4.400,0.0,2
hostile=0.0,-4.941,4.400,0.0,2
hostile=0.0,-4.939,4.400,0.0,2
hostile=0.0,-4.937,4.400,0.0,2
hostile=0.0,-4.934,4.400,0.0,2
hostile=0.0,-4.932,4.400,0.0,2
hostile=0.0,-4.929,4.400,0.0,2
hostile=0.0,-4.927,4.400,0.0,2
hostile=0.0,-4.925,4.400,0.0,2
hostile=0.0,-4.922,4.400,0.0,2
hostile=0.0,-4.920,4.400,0.0,2
hostile=0.0,-4.917,4.400,0.0,2
hostile=0.0,-4.915,4.400,0.0,2
hostile=0.0,-4.913,4.400,0.0,2
hostile=0.0,-4.910,4.400,0.0,2
hostile=0.0,-4.908,4.400,0.0,2
hostile=0.0,-4.905,4.400,0.0,2
hostile=0.0,-4.903,4.400,0.0,2
hostile=0.0,-4.901,4.400,0.0,2
hostile=0.0,-4.898,4.400,0.0,2
hostile=0.0,-4.896,4.400,0.0,2
hostile=0.0,-4.893,4.400,0.0,2
hostile=0.0,-4.891,4.400,0.0,2
hostile=0.0,-4.889,4.400,0.0,2
hostile=0.0,-4.886,4.400,0.0,2
hostile=0.0,-4.884,4.400,0.0,2
hostile=0.0,-4.881,4.400,0.0,2
hostile=0.0,-4.879,4.400,0.0,2
hostile=0.0,-4.877,4.400,0.0,2
hostile=0.0,-4.874,4.400,0.0,2
hostile=0.0,-4.872,4.400,0.0,2
hostile=0.0,-4.869,4.400,0.0,2
hostile=0.0,-4.867,4.400,0.0,2
hostile=0.0,-4.865,4.400,0.0,2
hostile=0.0,-4.862,4.400,0.0,2
hostile=0.0,-4.860,4.400,0.0,2
hostile=0.0,-4.857,4.400,0.0,2
hostile=0.0,-4.855,4.400,0.0,2
hostile=0.0,-4.853,4.400,0.0,2
hostile=0.0,-4.850,4.400,0.0,2
hostile=0.0,-4.848,4.400,0.0,2
hostile=0.0,-4.845,4.400,0.0,2
hostile=0.0,-4.843,4.400,0.0,2
hostile=0.0,-4.841,4.400,0.0,2
hostile=0.0,-4.838,4.400,0.0,2
hostile=0.0,-4.836,4.400,0.0,2
hostile=0.0,-4.833,4.400,0.0,2
hostile=0.0,-4.831,4.400,0.0,2
hostile=0.0,-4.829,4.400,0.0,2
hostile=0.0,-4.826,4.400,0.0,2
hostile=0.0,-4.824,4.400,0.0,2
hostile=0.0,-4.821,4.400,0.0,2
hostile=0.0,-4.819,4.400,0.0,2
hostile=0.0,-4.817,4.400,0.0,2
hostile=0.0,-4.814,4.400,0.0,2
hostile=0.0,-4.812,4.400,0.0,2
hostile=0.0,-4.809,4.400,0.0,2
hostile=0.0,-4.807,4.400,0.0,2
hostile=0.0,-4.805,4.400,0.0,2
hostile=0.0,-4.802,4.400,0.0,2
hostile=0.0,-4.800,4.400,0.0,2
hostile=0.0,-4.797,4.400,0.0,2
hostile=0.0,-4.795,4.400,0.0,2
hostile=0.0,-4.793,4.400,0.0,2
hostile=0.0,-4.790,4.400,0.0,2
hostile=0.0,-4.788,4.400,0.0,2
hostile=0.0,-4.785,4.400,0.0,2
hostile=0.0,-4.783,4.400,0.0,2
hostile=0.0,-4.781,4.400,0.0,2
hostile=0.0,-4.778,4.400,0.0,2
hostile=0.0,-4.776,4.400,0.0,2
hostile=0.0,-4.773,4.400,0.0,2
hostile=0.0,-4.771,4.400,0.0,2
hostile=0.0,-4.769,4.400,0.0,2
hostile=0.0,-4.766,4.400,0.0,2
hostile=0.0,-4.764,4.400,0.0,2
hostile=0.0,-4.761,4.400,0.0,2
hostile=0.0,-4.759,4.400,0.0,2
hostile=0.0,-4.757,4.400,0.0,2
hostile=0.0,-4.754,4.400,0.0,2
hostile=0.0,-4.752,4.400,0.0,2
hostile=0.0,-4.749,4.400,0.0,2
hostile=0.0,-4.747,4.400,0.0,2
hostile=0.0,-4.745,4.400,0.0,2
hostile=0.0,-4.742,4.400,0.0,2
hostile=0.0,-4.740,4.400,0.0,2
hostile=0.0,-4.737,4.400,0.0,2
hostile=0.0,-4.735,4.400,0.0,2
hostile=0.0,-4.733,4.400,0.0,2
hostile=0.0,-4.730,4.400,0.0,2
hostile=0.0,-4.728,4.400,0.0,2
hostile=0.0,-4.725,4.400,0.0,2
hostile=0.0,-4.723,4.400,0.0,2
hostile=0.0,-4.721,4.400,0.0,2
hostile=0.0,-4.718,4.400,0.0,2
hostile=0.0,-4.716,4.400,0.0,2
hostile=0.0,-4.713,4.400,0.0,2
hostile=0.0,-4.711,4.400,0.0,2
hostile=0.0,-4.709,4.400,0.0,2
hostile=0.0,-4.706,4.400,0.0,2
hostile=0.0,-4.704,4.400,0.0,2
hostile=0.0,-4.701,4.400,0.0,2
hostile=0.0,-4.699,4.400,0.0,2
hostile=0.0,-4.697,4.400,0.0,2
hostile=0.0,-4.694,4.400,0.0,2
hostile=0.0,-4.692,4.400,0.0,2
hostile=0.0,-4.689,4.400,0.0,2
hostile=0.0,-4.687,4.400,0.0,2
hostile=0.0,-4.685,4.400,0.0,2
hostile=0.0,-4.682,4.400,0.0,2
hostile=0.0,-4.680,4.400,0.0,2
hostile=0.0,-4.677,4.400,0.0,2
hostile=0.0,-4.675,4.400,0.0,2
hostile=0.0,-4.673,4.400,0.0,2
hostile=0.0,-4.670,4.400,0.0,2
hostile=0.0,-4.668,4.400,0.0,2
hostile=0.0,-4.665,4.400,0.0,2
hostile=0.0,-4.663,4.400,0.0,2
hostile=0.0,-4.661,4.400,0.0,2
hostile=0.0,-4.658,4.400,0.0,2
hostile=0.0,-4.656,4.400,0.0,2
hostile=0.0,-4.653,4.400,0.0,2
hostile=0.0,-4.651,4.400,0.0,2
hostile=0.0,-4.649,4.400,0.0,2
hostile=0.0,-4.646,4.400,0.0,2
hostile=0.0,-4.644,4.400,0.0,2
hostile=0.0,-4.641,4.400,0.0,2
hostile=0.0,-4.639,4.400,0.0,2
hostile=0.0,-4.637,4.400,0.0,2
hostile=0.0,-4.634,4.400,0.0,2
hostile=0.0,-4.632,4.400,0.0,2
hostile=0.0,-4.629,4.400,0.0,2
hostile=0.0,-4.627,4.400,0.0,2
hostile=0.0,-4.625,4.400,0.0,2
hostile=0.0,-4.622,4.400,0.0,2
hostile=0.0,-4.620,4.400,0.0,2
hostile=0.0,-4.617,4.400,0.0,2
hostile=0.0,-4.615,4.400,0.0,2
hostile=0.0,-4.613,4.400,0.0,2
hostile=0.0,-4.610,4.400,0.0,2
hostile=0.0,-4.608,4.400,0.0,2
hostile=0.0,-4.605,4.400,0.0,2
hostile=0.0,-4.603,4.400,0.0,2
hostile=0.0,-4.601,4.400,0.0,2
hostile=0.0,-4.598,4.400,0.0,2
hostile=0.0,-4.596,4.400,0.0,2
hostile=0.0,-4.593,4.400,0.0,2
hostile=0.0,-4.591,4.400,0.0,2
hostile=0.0,-4.589,4.400,0.0,2
hostile=0.0,-4.586,4.400,0.0,2
hostile=0.0,-4.584,4.400,0.0,2
hostile=0.0,-4.581,4.400,0.0,2
hostile=0.0,-4.579,4.400,0.0,2
hostile=0.0,-4.577,4.400,0.0,2
hostile=0.0,-4.574,4.400,0.0,2
hostile=0.0,-4.572,4.400,0.0,2
hostile=0.0,-4.569,4.400,0.0,2
hostile=0.0,-4.567,4.400,0.0,2
hostile=0.0,-4.565,4.400,0.0,2
hostile=0.0,-4.562,4.400,0.0,2
hostile=0.0,-4.560,4.400,0.0,2
hostile=0.0,-4.557,4.400,0.0,2
hostile=0.0,-4.555,4.400,0.0,2
hostile=0.0,-4.553,4.400,0.0,2
hostile=0.0,-4.550,4.400,0.0,2
hostile=0.0,-4.548,4.400,0.0,2
hostile=0.0,-4.545,4.400,0.0,2
hostile=0.0,-4.543,4.400,0.0,2
hostile=0.0,-4.541,4.400,0.0,2
hostile=0.0,-4.538,4.400,0.0,2
hostile=0.0,-4.536,4.400,0.0,2
hostile=0.0,-4.533,4.400,0.0,2
hostile=0.0,-4.531,4.400,0.0,2
hostile=0.0,-4.529,4.400,0.0,2
hostile=0.0,-4.526,4.400,0.0,2
hostile=0.0,-4.524,4.400,0.0,2
hostile=0.0,-4.521,4.400,0.0,2
hostile=0.0,-4.519,4.400,0.0,2
hostile=0.0,-4.517,4.400,0.0,2
hostile=0.0,-4.514,4.400,0.0,2
hostile=0.0,-4.512,4.400,0.0,2
hostile=0.0,-4.509,4.400,0.0,2
hostile=0.0,-4.507,4.400,0.0,2
hostile=0.0,-4.505,4.400,0.0,2
hostile=0.0,-4.502,4.400,0.0,2
hostile=0.0,-4.500,4.400,0.0,2
hostile=0.0,-4.497,4.400,0.0,2
hostile=0.0,-4.495,4.400,0.0,2
hostile=0.0,-4.492,4.400,0.0,2
hostile=0.0,-4.490,4.400,0.0,2
hostile=0.0,-4.488,4.400,0.0,2
hostile=0.0,-4.485,4.400,0.0,2
hostile=0.0,-4.483,4.400,0.0,2
hostile=0.0,-4.480,4.400,0.0,2
hostile=0.0,-4.478,4.400,0.0,2
hostile=0.0,-4.476,4.400,0.0,2
hostile=0.0,-4.473,4.400,0.0,2
hostile=0.0,-4.471,4.400,0.0,2
hostile=0.0,-4.468,4.400,0.0,2
hostile=0.0,-4.466,4.400,0.0,2
hostile=0.0,-4.464,4.400,0.0,2
hostile=0.0,-4.461,4.400,0.0,2
hostile=0.0,-4.459,4.400,0.0,2
hostile=0.0,-4.456,4.400,0.0,2
hostile=0.0,-4.454,4.400,0.0,2
hostile=0.0,-4.452,4.400,0.0,2
hostile=0.0,-4.449,4.400,0.0,2
hostile=0.0,-4.447,4.400,0.0,2
hostile=0.0,-4.444,4.400,0.0,2
hostile=0.0,-4.442,4.400,0.0,2
hostile=0.0,-4.440,4.400,0.0,2
hostile=0.0,-4.437,4.400,0.0,2
hostile=0.0,-4.435,4.400,0.0,2
hostile=0.0,-4.432,4.400,0.0,2
hostile=0.0,-4.430,4.400,0.0,2
hostile=0.0,-4.428,4.400,0.0,2
hostile=0.0,-4.425,4.400,0.0,2
hostile=0.0,-4.423,4.400,0.0,2
hostile=0.0,-4.420,4.400,0.0,2
hostile=0.0,-4.418,4.400,0.0,2
hostile=0.0,-4.416,4.400,0.0,2
hostile=0.0,-4.413,4.400,0.0,2
hostile=0.0,-4.411,4.400,0.0,2
hostile=0.0,-4.408,4.400,0.0,2
hostile=0.0,-4.406,4.400,0.0,2
hostile=0.0,-4.404,4.400,0.0,2
hostile=0.0,-4.401,4.400,0.0,2
hostile=0.0,-4.399,4.400,0.0,2
hostile=0.0,-4.396,4.400,0.0,2
hostile=0.0,-4.394,4.400,0.0,2
hostile=0.0,-4.392,4.400,0.0,2
hostile=0.0,-4.389,4.400,0.0,2
hostile=0.0,-4.387,4.400,0.0,2
hostile=0.0,-4.384,4.400,0.0,2
hostile=0.0,-4.382,4.400,0.0,2
hostile=0.0,-4.380,4.400,0.0,2
hostile=0.0,-4.377,4.400,0.0,2
hostile=0.0,-4.375,4.400,0.0,2
hostile=0.0,-4.372,4.400,0.0,2
hostile=0.0,-4.370,4.400,0.0,2
hostile=0.0,-4.368,4.400,0.0,2
hostile=0.0,-4.365,4.400,0.0,2
hostile=0.0,-4.363,4.400,0.0,2
hostile=0.0,-4.360,4.400,0.0,2
hostile=0.0,-4.358,4.400,0.0,2
hostile=0.0,-4.356,4.400,0.0,2
hostile=0.0,-4.353,4.400,0.0,2
hostile=0.0,-4.351,4.400,0.0,2
hostile=0.0,-4.348,4.400,0.0,2
hostile=0.0,-4.346,4.400,0.0,2
hostile=0.0,-4.344,4.400,0.0,2
hostile=0.0,-4.341,4.400,0.0,2
hostile=0.0,-4.339,4.400,0.0,2
hostile=0.0,-4.336,4.400,0.0,2
hostile=0.0,-4.334,4.400,0.0,2
hostile=0.0,-4.332,4.400,0.0,2
hostile=0.0,-4.329,4.400,0.0,2
hostile=0.0,-4.327,4.400,0.0,2
hostile=0.0,-4.324,4.400,0.0,2
hostile=0.0,-4.322,4.400,0.0,2
hostile=0.0,-4.320,4.400,0.0,2
hostile=0.0,-4.317,4.400,0.0,2
hostile=0.0,-4.315,4.400,0.0,2
hostile=0.0,-4.312,4.400,0.0,2
hostile=0.0,-4.310,4.400,0.0,2
hostile=0.0,-4.308,4.400,0.0,2
hostile=0.0,-4.305,4.400,0.0,2
hostile=0.0,-4.303,4.400,0.0,2
hostile=0.0,-4.300,4.400,0.0,2
hostile=0.0,-4.298,4.400,0.0,2
hostile=0.0,-4.296,4.400,0.0,2
hostile=0.0,-4.293,4.400,0.0,2
hostile=0.0,-4.291,4.400,0.0,2
hostile=0.0,-4.288,4.400,0.0,2
hostile=0.0,-4.286,4.400,0.0,2
hostile=0.0,-4.284,4.400,0.0,2
hostile=0.0,-4.281,4.400,0.0,2
hostile=0.0,-4.279,4.400,0.0,2
hostile=0.0,-4.276,4.400,0.0,2
hostile=0.0,-4.274,4.400,0.0,2
hostile=0.0,-4.272,4.400,0.0,2
hostile=0.0,-4.269,4.400,0.0,2
hostile=0.0,-4.267,4.400,0.0,2
hostile=0.0,-4.264,4.400,0.0,2
hostile=0.0,-4.262,4.400,0.0,2
hostile=0.0,-4.260,4.400,0.0,2
hostile=0.0,-4.257,4.400,0.0,2
hostile=0.0,-4.255,4.400,0.0,2
hostile=0.0,-4.252,4.400,0.0,2
hostile=0.0,-4.250,4.400,0.0,2
hostile=0.0,-4.248,4.400,0.0,2
hostile=0.0,-4.245,4.400,0.0,2
hostile=0.0,-4.243,4.400,0.0,2
hostile=0.0,-4.240,4.400,0.0,2
hostile=0.0,-4.238,4.400,0.0,2
hostile=0.0,-4.236,4.400,0.0,2
hostile=0.0,-4.233,4.400,0.0,2
hostile=0.0,-4.231,4.400,0.0,2
hostile=0.0,-4.228,4.400,0.0,2
hostile=0.0,-4.226,4.400,0.0,2
hostile=0.0,-4.224,4.400,0.0,2
hostile=0.0,-4.221,4.400,0.0,2
hostile=0.0,-4.219,4.400,0.0,2
hostile=0.0,-4.216,4.400,0.0,2
hostile=0.0,-4.214,4.400,0.0,2
hostile=0.0,-4.212,4.400,0.0,2
hostile=0.0,-4.209,4.400,0.0,2
hostile=0.0,-4.207,4.400,0.0,2
hostile=0.0,-4.204,4.400,0.0,2
hostile=0.0,-4.202,4.400,0.0,2
hostile=0.0,-4.200,4.400,0.0,2
hostile=0.0,-4.197,4.400,0.0,2
hostile=0.0,-4.195,4.400,0.0,2
hostile=0.0,-4.192,4.400,0.0,2
hostile=0.0,-4.190,4.400,0.0,2
hostile=0.0,-4.188,4.400,0.0,2
hostile=0.0,-4.185,4.400,0.0,2
hostile=0.0,-4.183,4.400,0.0,2
hostile=0.0,-4.180,4.400,0.0,2
hostile=0.0,-4.178,4.400,0.0,2
hostile=0.0,-4.176,4.400,0.0,2
hostile=0.0,-4.173,4.400,0.0,2
hostile=0.0,-4.171,4.400,0.0,2
hostile=0.0,-4.168,4.400,0.0,2
hostile=0.0,-4.166,4.400,0.0,2
hostile=0.0,-4.164,4.400,0.0,2
hostile=0.0,-4.161,4.400,0.0,2
hostile=0.0,-4.159,4.400,0.0,2
hostile=0.0,-4.156,4.400,0.0,2
hostile=0.0,-4.154,4.400,0.0,2
hostile=0.0,-4.152,4.400,0.0,2
hostile=0.0,-4.149,4.400,0.0,2
hostile=0.0,-4.147,4.400,0.0,2
hostile=0.0,-4.144,4.400,0.0,2
hostile=0.0,-4.142,4.400,0.0,2
hostile=0.0,-4.140,4.400,0.0,2
hostile=0.0,-4.137,4.400,0.0,2
hostile=0.0,-4.135,4.400,0.0,2
hostile=0.0,-4.132,4.400,0.0,2
hostile=0.0,-4.130,4.400,0.0,2
hostile=0.0,-4.128,4.400,0.0,2
hostile=0.0,-4.125,4.400,0.0,2
hostile=0.0,-4.123,4.400,0.0,2
hostile=0.0,-4.120,4.400,0.0,2
hostile=0.0,-4.118,4.400,0.0,2
hostile=0.0,-4.116,4.400,0.0,2
hostile=0.0,-4.113,4.400,0.0,2
hostile=0.0,-4.111,4.400,0.0,2
hostile=0.0,-4.108,4.400,0.0,2
hostile=0.0,-4.106,4.400,0.0,2
hostile=0.0,-4.104,4.400,0.0,2
hostile=0.0,-4.101,4.400,0.0,2
hostile=0.0,-4.099,4.400,0.0,2
hostile=0.0,-4.096,4.400,0.0,2
hostile=0.0,-4.094,4.400,0.0,2
hostile=0.0,-4.092,4.400,0.0,2
hostile=0.0,-4.089,4.400,0.0,2
hostile=0.0,-4.087,4.400,0.0,2
hostile=0.0,-4.084,4.400,0.0,2
hostile=0.0,-4.082,4.400,0.0,2
hostile=0.0,-4.080,4.400,0.0,2
hostile=0.0,-4.077,4.400,0.0,2
hostile=0.0,-4.075,4.400,0.0,2
hostile=0.0,-4.072,4.400,0.0,2
hostile=0.0,-4.070,4.400,0.0,2
hostile=0.0,-4.068,4.400,0.0,2
hostile=0.0,-4.065,4.400,0.0,2
hostile=0.0,-4.063,4.400,0.0,2
hostile=0.0,-4.060,4.400,0.0,2
hostile=0.0,-4.058,4.400,0.0,2
hostile=0.0,-4.056,4.400,0.0,2
hostile=0.0,-4.053,4.400,0.0,2
hostile=0.0,-4.051,4.400,0.0,2
hostile=0.0,-4.048,4.400,0.0,2
hostile=0.0,-4.046,4.400,0.0,2
hostile=0.0,-4.044,4.400,0.0,2
hostile=0.0,-4.041,4.400,0.0,2
hostile=0.0,-4.039,4.400,0.0,2
hostile=0.0,-4.036,4.400,0.0,2
hostile=0.0,-4.034,4.400,0.0,2
hostile=0.0,-4.032,4.400,0.0,2
hostile=0.0,-4.029,4.400,0.0,2
hostile=0.0,-4.027,4.400,0.0,2
hostile=0.0,-4.024,4.400,0.0,2
hostile=0.0,-4.022,4.400,0.0,2
hostile=0.0,-4.020,4.400,0.0,2
hostile=0.0,-4.017,4.400,0.0,2
hostile=0.0,-4.015,4.400,0.0,2
hostile=0.0,-4.012,4.400,0.0,2
hostile=0.0,-4.010,4.400,0.0,2
hostile=0.0,-4.008,4.400,0.0,2
hostile=0.0,-4.005,4.400,0.0,2
hostile=0.0,-4.003,4.400,0.0,2
hostile=0.0,-4.000,4.400,0.0,2
hostile=0.0,-3.998,4.400,0.0,2
hostile=0.0,-3.996,4.400,0.0,2
hostile=0.0,-3.993,4.400,0.0,2
hostile=0.0,-3.991,4.400,0.0,2
hostile=0.0,-3.988,4.400,0.0,2
hostile=0.0,-3.986,4.400,0.0,2
hostile=0.0,-3.984,4.400,0.0,2
hostile=0.0,-3.981,4.400,0.0,2
hostile=0.0,-3.979,4.400,0.0,2
hostile=0.0,-3.976,4.400,0.0,2
hostile=0.0,-3.974,4.400,0.0,2
hostile=0.0,-3.972,4.400,0.0,2
hostile=0.0,-3.969,4.400,0.0,2
hostile=0.0,-3.967,4.400,0.0,2
hostile=0.0,-3.964,4.400,0.0,2
hostile=0.0,-3.962,4.400,0.0,2
hostile=0.0,-3.960,4.400,0.0,2
hostile=0.0,-3.957,4.400,0.0,2
hostile=0.0,-3.955,4.400,0.0,2
hostile=0.0,-3.952,4.400,0.0,2
hostile=0.0,-3.950,4.400,0.0,2
hostile=0.0,-3.948,4.400,0.0,2
hostile=0.0,-3.945,4.400,0.0,2
hostile=0.0,-3.943,4.400,0.0,2
hostile=0.0,-3.940,4.400,0.0,2
hostile=0.0,-3.938,4.400,0.0,2
hostile=0.0,-3.936,4.400,0.0,2
hostile=0.0,-3.933,4.400,0.0,2
hostile=0.0,-3.931,4.400,0.0,2
hostile=0.0,-3.928,4.400,0.0,2
hostile=0.0,-3.926,4.400,0.0,2
hostile=0.0,-3.924,4.400,0.0,2
hostile=0.0,-3.921,4.400,0.0,2
hostile=0.0,-3.919,4.400,0.0,2
hostile=0.0,-3.916,4.400,0.0,2
hostile=0.0,-3.914,4.400,0.0,2
hostile=0.0,-3.912,4.400,0.0,2
hostile=0.0,-3.909,4.400,0.0,2
hostile=0.0,-3.907,4.400,0.0,2
hostile=0.0,-3.904,4.400,0.0,2
hostile=0.0,-3.902,4.400,0.0,2
hostile=0.0,-3.900,4.400,0.0,2
hostile=0.0,-3.897,4.400,0.0,2
hostile=0.0,-3.895,4.400,0.0,2
hostile=0.0,-3.892,4.400,0.0,2
hostile=0.0,-3.890,4.400,0.0,2
hostile=0.0,-3.888,4.400,0.0,2
hostile=0.0,-3.885,4.400,0.0,2
hostile=0.0,-3.883,4.400,0.0,2
hostile=0.0,-3.880,4.400,0.0,2
hostile=0.0,-3.878,4.400,0.0,2
hostile=0.0,-3.876,4.400,0.0,2
hostile=0.0,-3.873,4.400,0.0,2
hostile=0.0,-3.871,4.400,0.0,2
hostile=0.0,-3.868,4.400,0.0,2
hostile=0.0,-3.866,4.400,0.0,2
hostile=0.0,-3.864,4.400,0.0,2
hostile=0.0,-3.861,4.400,0.0,2
hostile=0.0,-3.859,4.400,0.0,2
hostile=0.0,-3.856,4.400,0.0,2
hostile=0.0,-3.854,4.400,0.0,2
hostile=0.0,-3.852,4.400,0.0,2
hostile=0.0,-3.849,4.400,0.0,2
hostile=0.0,-3.847,4.400,0.0,2
hostile=0.0,-3.844,4.400,0.0,2
hostile=0.0,-3.842,4.400,0.0,2
hostile=0.0,-3.840,4.400,0.0,2
hostile=0.0,-3.837,4.400,0.0,2
hostile=0.0,-3.835,4.400,0.0,2
hostile=0.0,-3.832,4.400,0.0,2
hostile=0.0,-3.830,4.400,0.0,2
hostile=0.0,-3.828,4.400,0.0,2
hostile=0.0,-3.825,4.400,0.0,2
hostile=0.0,-3.823,4.400,0.0,2
hostile=0.0,-3.820,4.400,0.0,2
hostile=0.0,-3.818,4.400,0.0,2
hostile=0.0,-3.816,4.400,0.0,2
hostile=0.0,-3.813,4.400,0.0,2
hostile=0.0,-3.811,4.400,0.0,2
hostile=0.0,-3.808,4.400,0.0,2
hostile=0.0,-3.806,4.400,0.0,2
hostile=0.0,-3.804,4.400,0.0,2
hostile=0.0,-3.801,4.400,0.0,2
hostile=0.0,-3.799,4.400,0.0,2
hostile=0.0,-3.796,4.400,0.0,2
hostile=0.0,-3.794,4.400,0.0,2
hostile=0.0,-3.792,4.400,0.0,2
hostile=0.0,-3.789,4.400,0.0,2
hostile=0.0,-3.787,4.400,0.0,2
hostile=0.0,-3.784,4.400,0.0,2
hostile=0.0,-3.782,4.400,0.0,2
hostile=0.0,-3.780,4.400,0.0,2
hostile=0.0,-3.777,4.400,0.0,2
hostile=0.0,-3.775,4.400,0.0,2
hostile=0.0,-3.772,4.400,0.0,2
hostile=0.0,-3.770,4.400,0.0,2
hostile=0.0,-3.768,4.400,0.0,2
hostile=0.0,-3.765,4.400,0.0,2
hostile=0.0,-3.763,4.400,0.0,2
hostile=0.0,-3.760,4.400,0.0,2
hostile=0.0,-3.758,4.400,0.0,2
hostile=0.0,-3.756,4.400,0.0,2
hostile=0.0,-3.753,4.400,0.0,2
hostile=0.0,-3.751,4.400,0.0,2
hostile=0.0,-3.748,4.400,0.0,2
hostile=0.0,-3.746,4.400,0.0,2
hostile=0.0,-3.744,4.400,0.0,2
hostile=0.0,-3.741,4.400,0.0,2
hostile=0.0,-3.739,4.400,0.0,2
hostile=0.0,-3.736,4.400,0.0,2
hostile=0.0,-3.734,4.400,0.0,2
hostile=0.0,-3.732,4.400,0.0,2
hostile=0.0,-3.729,4.400,0.0,2
hostile=0.0,-3.727,4.400,0.0,2
hostile=0.0,-3.724,4.400,0.0,2
hostile=0.0,-3.722,4.400,0.0,2
hostile=0.0,-3.720,4.400,0.0,2
hostile=0.0,-3.717,4.400,0.0,2
hostile=0.0,-3.715,4.400,0.0,2
hostile=0.0,-3.712,4.400,0.0,2
hostile=0.0,-3.710,4.400,0.0,2
hostile=0.0,-3.708,4.400,0.0,2
hostile=0.0,-3.705,4.400,0.0,2
hostile=0.0,-3.703,4.400,0.0,2
hostile=0.0,-3.700,4.400,0.0,2
hostile=0.0,-3.698,4.400,0.0,2
hostile=0.0,-3.696,4.400,0.0,2
hostile=0.0,-3.693,4.400,0.0,2
hostile=0.0,-3.691,4.400,0.0,2
hostile=0.0,-3.688,4.400,0.0,2
hostile=0.0,-3.686,4.400,0.0,2
hostile=0.0,-3.684,4.400,0.0,2
hostile=0.0,-3.681,4.400,0.0,2
hostile=0.0,-3.679,4.400,0.0,2
hostile=0.0,-3.676,4.400,0.0,2
hostile=0.0,-3.674,4.400,0.0,2
hostile=0.0,-3.672,4.400,0.0,2
hostile=0.0,-3.669,4.400,0.0,2
hostile=0.0,-3.667,4.400,0.0,2
hostile=0.0,-3.664,4.400,0.0,2
hostile=0.0,-3.662,4.400,0.0,2
hostile=0.0,-3.660,4.400,0.0,2
hostile=0.0,-3.657,4.400,0.0,2
hostile=0.0,-3.655,4.400,0.0,2
hostile=0.0,-3.652,4.400,0.0,2
hostile=0.0,-3.650,4.400,0.0,2
hostile=0.0,-3.648,4.400,0.0,2
hostile=0.0,-3.645,4.400,0.0,2
hostile=0.0,-3.643,4.400,0.0,2
hostile=0.0,-3.640,4.400,0.0,2
hostile=0.0,-3.638,4.400,0.0,2
hostile=0.0,-3.636,4.400,0.0,2
hostile=0.0,-3.633,4.400,0.0,2
hostile=0.0,-3.631,4.400,0.0,2
hostile=0.0,-3.628,4.400,0.0,2
hostile=0.0,-3.626,4.400,0.0,2
hostile=0.0,-3.624,4.400,0.0,2
hostile=0.0,-3.621,4.400,0.0,2
hostile=0.0,-3.619,4.400,0.0,2
hostile=0.0,-3.616,4.400,0.0,2
hostile=0.0,-3.614,4.400,0.0,2
hostile=0.0,-3.612,4.400,0.0,2
hostile=0.0,-3.609,4.400,0.0,2
hostile=0.0,-3.607,4.400,0.0,2
hostile=0.0,-3.604,4.400,0.0,2
hostile=0.0,-3.602,4.400,0.0,2
hostile=0.0,-3.600,4.400,0.0,2
hostile=0.0,-3.597,4.400,0.0,2
hostile=0.0,-3.595,4.400,0.0,2
hostile=0.0,-3.592,4.400,0.0,2
hostile=0.0,-3.590,4.400,0.0,2
hostile=0.0,-3.588,4.400,0.0,2
hostile=0.0,-3.585,4.400,0.0,2
hostile=0.0,-3.583,4.400,0.0,2
hostile=0.0,-3.580,4.400,0.0,2
hostile=0.0,-3.578,4.400,0.0,2
hostile=0.0,-3.576,4.400,0.0,2
hostile=0.0,-3.573,4.400,0.0,2
hostile=0.0,-3.571,4.400,0.0,2
hostile=0.0,-3.568,4.400,0.0,2
hostile=0.0,-3.566,4.400,0.0,2
hostile=0.0,-3.564,4.400,0.0,2
hostile=0.0,-3.561,4.400,0.0,2
hostile=0.0,-3.559,4.400,0.0,2
hostile=0.0,-3.556,4.400,0.0,2
hostile=0.0,-3.554,4.400,0.0,2
hostile=0.0,-3.552,4.400,0.0,2
hostile=0.0,-3.549,4.400,0.0,2
hostile=0.0,-3.547,4.400,0.0,2
hostile=0.0,-3.544,4.400,0.0,2
hostile=0.0,-3.542,4.400,0.0,2
hostile=0.0,-3.540,4.400,0.0,2
hostile=0.0,-3.537,4.400,0.0,2
hostile=0.0,-3.535,4.400,0.0,2
hostile=0.0,-3.532,4.400,0.0,2
hostile=0.0,-3.530,4.400,0.0,2
hostile=0.0,-3.528,4.400,0.0,2
hostile=0.0,-3.525,4.400,0.0,2
hostile=0.0,-3.523,4.400,0.0,2
hostile=0.0,-3.520,4.400,0.0,2
hostile=0.0,-3.518,4.400,0.0,2
hostile=0.0,-3.516,4.400,0.0,2
hostile=0.0,-3.513,4.400,0.0,2
hostile=0.0,-3.511,4.400,0.0,2
hostile=0.0,-3.508,4.400,0.0,2
hostile=0.0,-3.506,4.400,0.0,2
hostile=0.0,-3.504,4.400,0.0,2
hostile=0.0,-3.501,4.400,0.0,2
hostile=0.0,-3.499,4.400,0.0,2
hostile=0.0,-3.496,4.400,0.0,2
hostile=0.0,-3.494,4.400,0.0,2
hostile=0.0,-3.491,4.400,0.0,2
hostile=0.0,-3.489,4.400,0.0,2
hostile=0.0,-3.487,4.400,0.0,2
hostile=0.0,-3.484,4.400,0.0,2
hostile=0.0,-3.482,4.400,0.0,2
hostile=0.0,-3.479,4.400,0.0,2
hostile=0.0,-3.477,4.400,0.0,2
hostile=0.0,-3.475,4.400,0.0,2
hostile=0.0,-3.472,4.400,0.0,2
hostile=0.0,-3.470,4.400,0.0,2
hostile=0.0,-3.467,4.400,0.0,2
hostile=0.0,-3.465,4.400,0.0,2
hostile=0.0,-3.463,4.400,0.0,2
hostile=0.0,-3.460,4.400,0.0,2
hostile=0.0,-3.458,4.400,0.0,2
hostile=0.0,-3.455,4.400,0.0,2
hostile=0.0,-3.453,4.400,0.0,2
hostile=0.0,-3.451,4.400,0.0,2
hostile=0.0,-3.448,4.400,0.0,2
hostile=0.0,-3.446,4.400,0.0,2
hostile=0.0,-3.443,4.400,0.0,2
hostile=0.0,-3.441,4.400,0.0,2
hostile=0.0,-3.439,4.400,0.0,2
hostile=0.0,-3.436,4.400,0.0,2
hostile=0.0,-3.434,4.400,0.0,2
hostile=0.0,-3.431,4.400,0.0,2
hostile=0.0,-3.429,4.400,0.0,2
hostile=0.0,-3.427,4.400,0.0,2
hostile=0.0,-3.424,4.400,0.0,2
hostile=0.0,-3.422,4.400,0.0,2
hostile=0.0,-3.419,4.400,0.0,2
hostile=0.0,-3.417,4.400,0.0,2
hostile=0.0,-3.415,4.400,0.0,2
hostile=0.0,-3.412,4.400,0.0,2
hostile=0.0,-3.410,4.400,0.0,2
hostile=0.0,-3.407,4.400,0.0,2
hostile=0.0,-3.405,4.400,0.0,2
hostile=0.0,-3.403,4.400,0.0,2
hostile=0.0,-3.400,4.400,0.0,2
hostile=0.0,-3.398,4.400,0.0,2
hostile=0.0,-3.395,4.400,0.0,2
hostile=0.0,-3.393,4.400,0.0,2
hostile=0.0,-3.391,4.400,0.0,2
hostile=0.0,-3.388,4.400,0.0,2
hostile=0.0,-3.386,4.400,0.0,2
hostile=0.0,-3.383,4.400,0.0,2
hostile=0.0,-3.381,4.400,0.0,2
hostile=0.0,-3.379,4.400,0.0,2
hostile=0.0,-3.376,4.400,0.0,2
hostile=0.0,-3.374,4.400,0.0,2
hostile=0.0,-3.371,4.400,0.0,2
hostile=0.0,-3.369,4.400,0.0,2
hostile=0.0,-3.367,4.400,0.0,2
hostile=0.0,-3.364,4.400,0.0,2
hostile=0.0,-3.362,4.400,0.0,2
hostile=0.0,-3.359,4.400,0.0,2
hostile=0.0,-3.357,4.400,0.0,2
hostile=0.0,-3.355,4.400,0.0,2
hostile=0.0,-3.352,4.400,0.0,2
hostile=0.0,-3.350,4.400,0.0,2
hostile=0.0,-3.347,4.400,0.0,2
hostile=0.0,-3.345,4.400,0.0,2
hostile=0.0,-3.343,4.400,0.0,2
hostile=0.0,-3.340,4.400,0.0,2
hostile=0.0,-3.338,4.400,0.0,2
hostile=0.0,-3.335,4.400,0.0,2
hostile=0.0,-3.333,4.400,0.0,2
hostile=0.0,-3.331,4.400,0.0,2
hostile=0.0,-3.328,4.400,0.0,2
hostile=0.0,-3.326,4.400,0.0,2
hostile=0.0,-3.323,4.400,0.0,2
hostile=0.0,-3.321,4.400,0.0,2
hostile=0.0,-3.319,4.400,0.0,2
hostile=0.0,-3.316,4.400,0.0,2
hostile=0.0,-3.314,4.400,0.0,2
hostile=0.0,-3.311,4.400,0.0,2
hostile=0.0,-3.309,4.400,0.0,2
hostile=0.0,-3.307,4.400,0.0,2
hostile=0.0,-3.304,4.400,0.0,2
hostile=0.0,-3.302,4.400,0.0,2
hostile=0.0,-3.299,4.400,0.0,2
hostile=0.0,-3.297,4.400,0.0,2
hostile=0.0,-3.295,4.400,0.0,2
hostile=0.0,-3.292,4.400,0.0,2
hostile=0.0,-3.290,4.400,0.0,2
hostile=0.0,-3.287,4.400,0.0,2
hostile=0.0,-3.285,4.400,0.0,2
hostile=0.0,-3.283,4.400,0.0,2
hostile=0.0,-3.280,4.400,0.0,2
hostile=0.0,-3.278,4.400,0.0,2
hostile=0.0,-3.275,4.400,0.0,2
hostile=0.0,-3.273,4.400,0.0,2
hostile=0.0,-3.271,4.400,0.0,2
hostile=0.0,-3.268,4.400,0.0,2
hostile=0.0,-3.266,4.400,0.0,2
hostile=0.0,-3.263,4.400,0.0,2
hostile=0.0,-3.261,4.400,0.0,2
hostile=0.0,-3.259,4.400,0.0,2
hostile=0.0,-3.256,4.400,0.0,2
hostile=0.0,-3.254,4.400,0.0,2
hostile=0.0,-3.251,4.400,0.0,2
hostile=0.0,-3.249,4.400,0.0,2
hostile=0.0,-3.247,4.400,0.0,2
hostile=0.0,-3.244,4.400,0.0,2
hostile=0.0,-3.242,4.400,0.0,2
hostile=0.0,-3.239,4.400,0.0,2
hostile=0.0,-3.237,4.400,0.0,2
hostile=0.0,-3.235,4.400,0.0,2
hostile=0.0,-3.232,4.400,0.0,2
hostile=0.0,-3.230,4.400,0.0,2
hostile=0.0,-3.227,4.400,0.0,2
hostile=0.0,-3.225,4.400,0.0,2
hostile=0.0,-3.223,4.400,0.0,2
hostile=0.0,-3.220,4.400,0.0,2
hostile=0.0,-3.218,4.400,0.0,2
hostile=0.0,-3.215,4.400,0.0,2
hostile=0.0,-3.213,4.400,0.0,2
hostile=0.0,-3.211,4.400,0.0,2
hostile=0.0,-3.208,4.400,0.0,2
hostile=0.0,-3.206,4.400,0.0,2
hostile=0.0,-3.203,4.400,0.0,2
hostile=0.0,-3.201,4.400,0.0,2
hostile=0.0,-3.199,4.400,0.0,2
hostile=0.0,-3.196,4.400,0.0,2
hostile=0.0,-3.194,4.400,0.0,2
hostile=0.0,-3.191,4.400,0.0,2
hostile=0.0,-3.189,4.400,0.0,2
hostile=0.0,-3.187,4.400,0.0,2
hostile=0.0,-3.184,4.400,0.0,2
hostile=0.0,-3.182,4.400,0.0,2
hostile=0.0,-3.179,4.400,0.0,2
hostile=0.0,-3.177,4.400,0.0,2
hostile=0.0,-3.175,4.400,0.0,2
hostile=0.0,-3.172,4.400,0.0,2
hostile=0.0,-3.170,4.400,0.0,2
hostile=0.0,-3.167,4.400,0.0,2
hostile=0.0,-3.165,4.400,0.0,2
hostile=0.0,-3.163,4.400,0.0,2
hostile=0.0,-3.160,4.400,0.0,2
hostile=0.0,-3.158,4.400,0.0,2
hostile=0.0,-3.155,4.400,0.0,2
hostile=0.0,-3.153,4.400,0.0,2
hostile=0.0,-3.151,4.400,0.0,2
hostile=0.0,-3.148,4.400,0.0,2
hostile=0.0,-3.146,4.400,0.0,2
hostile=0.0,-3.143,4.400,0.0,2
hostile=0.0,-3.141,4.400,0.0,2
hostile=0.0,-3.139,4.400,0.0,2
hostile=0.0,-3.136,4.400,0.0,2
hostile=0.0,-3.134,4.400,0.0,2
hostile=0.0,-3.131,4.400,0.0,2
hostile=0.0,-3.129,4.400,0.0,2
hostile=0.0,-3.127,4.400,0.0,2
hostile=0.0,-3.124,4.400,0.0,2
hostile=0.0,-3.122,4.400,0.0,2
hostile=0.0,-3.119,4.400,0.0,2
hostile=0.0,-3.117,4.400,0.0,2
hostile=0.0,-3.115,4.400,0.0,2
hostile=0.0,-3.112,4.400,0.0,2
hostile=0.0,-3.110,4.400,0.0,2
hostile=0.0,-3.107,4.400,0.0,2
hostile=0.0,-3.105,4.400,0.0,2
hostile=0.0,-3.103,4.400,0.0,2
hostile=0.0,-3.100,4.400,0.0,2
hostile=0.0,-3.098,4.400,0.0,2
hostile=0.0,-3.095,4.400,0.0,2
hostile=0.0,-3.093,4.400,0.0,2
hostile=0.0,-3.091,4.400,0.0,2
hostile=0.0,-3.088,4.400,0.0,2
hostile=0.0,-3.086,4.400,0.0,2
hostile=0.0,-3.083,4.400,0.0,2
hostile=0.0,-3.081,4.400,0.0,2
hostile=0.0,-3.079,4.400,0.0,2
hostile=0.0,-3.076,4.400,0.0,2
hostile=0.0,-3.074,4.400,0.0,2
hostile=0.0,-3.071,4.400,0.0,2
hostile=0.0,-3.069,4.400,0.0,2
hostile=0.0,-3.067,4.400,0.0,2
hostile=0.0,-3.064,4.400,0.0,2
hostile=0.0,-3.062,4.400,0.0,2
hostile=0.0,-3.059,4.400,0.0,2
hostile=0.0,-3.057,4.400,0.0,2
hostile=0.0,-3.055,4.400,0.0,2
hostile=0.0,-3.052,4.400,0.0,2
hostile=0.0,-3.050,4.400,0.0,2
hostile=0.0,-3.047,4.400,0.0,2
hostile=0.0,-3.045,4.400,0.0,2
hostile=0.0,-3.043,4.400,0.0,2
hostile=0.0,-3.040,4.400,0.0,2
hostile=0.0,-3.038,4.400,0.0,2
hostile=0.0,-3.035,4.400,0.0,2
hostile=0.0,-3.033,4.400,0.0,2
hostile=0.0,-3.031,4.400,0.0,2
hostile=0.0,-3.028,4.400,0.0,2
hostile=0.0,-3.026,4.400,0.0,2
hostile=0.0,-3.023,4.400,0.0,2
hostile=0.0,-3.021,4.400,0.0,2
hostile=0.0,-3.019,4.400,0.0,2
hostile=0.0,-3.016,4.400,0.0,2
hostile=0.0,-3.014,4.400,0.0,2
hostile=0.0,-3.011,4.400,0.0,2
hostile=0.0,-3.009,4.400,0.0,2
hostile=0.0,-3.007,4.400,0.0,2
hostile=0.0,-3.004,4.400,0.0,2
hostile=0.0,-3.002,4.400,0.0,2
hostile=0.0,-2.999,4.400,0.0,2
hostile=0.0,-2.997,4.400,0.0,2
hostile=0.0,-2.995,4.400,0.0,2
hostile=0.0,-2.992,4.400,0.0,2
hostile=0.0,-2.990,4.400,0.0,2
hostile=0.0,-2.987,4.400,0.0,2
hostile=0.0,-2.985,4.400,0.0,2
hostile=0.0,-2.983,4.400,0.0,2
hostile=0.0,-2.980,4.400,0.0,2
hostile=0.0,-2.978,4.400,0.0,2
hostile=0.0,-2.975,4.400,0.0,2
hostile=0.0,-2.973,4.400,0.0,2
hostile=0.0,-2.971,4.400,0.0,2
hostile=0.0,-2.968,4.400,0.0,2
hostile=0.0,-2.966,4.400,0.0,2
hostile=0.0,-2.963,4.400,0.0,2
hostile=0.0,-2.961,4.400,0.0,2
hostile=0.0,-2.959,4.400,0.0,2
hostile=0.0,-2.956,4.400,0.0,2
hostile=0.0,-2.954,4.400,0.0,2
hostile=0.0,-2.951,4.400,0.0,2
hostile=0.0,-2.949,4.400,0.0,2
hostile=0.0,-2.947,4.400,0.0,2
hostile=0.0,-2.944,4.400,0.0,2
hostile=0.0,-2.942,4.400,0.0,2
hostile=0.0,-2.939,4.400,0.0,2
hostile=0.0,-2.937,4.400,0.0,2
hostile=0.0,-2.935,4.400,0.0,2
hostile=0.0,-2.932,4.400,0.0,2
hostile=0.0,-2.930,4.400,0.0,2
hostile=0.0,-2.927,4.400,0.0,2
hostile=0.0,-2.925,4.400,0.0,2
hostile=0.0,-2.923,4.400,0.0,2
hostile=0.0,-2.920,4.400,0.0,2
hostile=0.0,-2.918,4.400,0.0,2
hostile=0.0,-2.915,4.400,0.0,2
hostile=0.0,-2.913,4.400,0.0,2
hostile=0.0,-2.911,4.400,0.0,2
hostile=0.0,-2.908,4.400,0.0,2
hostile=0.0,-2.906,4.400,0.0,2
hostile=0.0,-2.903,4.400,0.0,2
hostile=0.0,-2.901,4.400,0.0,2
hostile=0.0,-2.899,4.400,0.0,2
hostile=0.0,-2.896,4.400,0.0,2
hostile=0.0,-2.894,4.400,0.0,2
hostile=0.0,-2.891,4.400,0.0,2
hostile=0.0,-2.889,4.400,0.0,2
hostile=0.0,-2.887,4.400,0.0,2
hostile=0.0,-2.884,4.400,0.0,2
hostile=0.0,-2.882,4.400,0.0,2
hostile=0.0,-2.879,4.400,0.0,2
hostile=0.0,-2.877,4.400,0.0,2
hostile=0.0,-2.875,4.400,0.0,2
hostile=0.0,-2.872,4.400,0.0,2
hostile=0.0,-2.870,4.400,0.0,2
hostile=0.0,-2.867,4.400,0.0,2
hostile=0.0,-2.865,4.400,0.0,2
hostile=0.0,-2.863,4.400,0.0,2
hostile=0.0,-2.860,4.400,0.0,2
hostile=0.0,-2.858,4.400,0.0,2
hostile=0.0,-2.855,4.400,0.0,2
hostile=0.0,-2.853,4.400,0.0,2
hostile=0.0,-2.851,4.400,0.0,2
hostile=0.0,-2.848,4.400,0.0,2
hostile=0.0,-2.846,4.400,0.0,2
hostile=0.0,-2.843,4.400,0.0,2
hostile=0.0,-2.841,4.400,0.0,2
hostile=0.0,-2.839,4.400,0.0,2
hostile=0.0,-2.836,4.400,0.0,2
hostile=0.0,-2.834,4.400,0.0,2
hostile=0.0,-2.831,4.400,0.0,2
hostile=0.0,-2.829,4.400,0.0,2
hostile=0.0,-2.827,4.400,0.0,2
hostile=0.0,-2.824,4.400,0.0,2
hostile=0.0,-2.822,4.400,0.0,2
hostile=0.0,-2.819,4.400,0.0,2
hostile=0.0,-2.817,4.400,0.0,2
hostile=0.0,-2.815,4.400,0.0,2
hostile=0.0,-2.812,4.400,0.0,2
hostile=0.0,-2.810,4.400,0.0,2
hostile=0.0,-2.807,4.400,0.0,2
hostile=0.0,-2.805,4.400,0.0,2
hostile=0.0,-2.803,4.400,0.0,2
hostile=0.0,-2.800,4.400,0.0,2
hostile=0.0,-2.798,4.400,0.0,2
hostile=0.0,-2.795,4.400,0.0,2
hostile=0.0,-2.793,4.400,0.0,2
hostile=0.0,-2.791,4.400,0.0,2
hostile=0.0,-2.788,4.400,0.0,2
hostile=0.0,-2.786,4.400,0.0,2
hostile=0.0,-2.783,4.400,0.0,2
hostile=0.0,-2.781,4.400,0.0,2
hostile=0.0,-2.779,4.400,0.0,2
hostile=0.0,-2.776,4.400,0.0,2
hostile=0.0,-2.774,4.400,0.0,2
hostile=0.0,-2.771,4.400,0.0,2
hostile=0.0,-2.769,4.400,0.0,2
hostile=0.0,-2.767,4.400,0.0,2
hostile=0.0,-2.764,4.400,0.0,2
hostile=0.0,-2.762,4.400,0.0,2
hostile=0.0,-2.759,4.400,0.0,2
hostile=0.0,-2.757,4.400,0.0,2
hostile=0.0,-2.755,4.400,0.0,2
hostile=0.0,-2.752,4.400,0.0,2
hostile=0.0,-2.750,4.400,0.0,2
hostile=0.0,-2.747,4.400,0.0,2
hostile=0.0,-2.745,4.400,0.0,2
hostile=0.0,-2.743,4.400,0.0,2
hostile=0.0,-2.740,4.400,0.0,2
hostile=0.0,-2.738,4.400,0.0,2
hostile=0.0,-2.735,4.400,0.0,2
hostile=0.0,-2.733,4.400,0.0,2
hostile=0.0,-2.731,4.400,0.0,2
hostile=0.0,-2.728,4.400,0.0,2
hostile=0.0,-2.726,4.400,0.0,2
hostile=0.0,-2.723,4.400,0.0,2
hostile=0.0,-2.721,4.400,0.0,2
hostile=0.0,-2.719,4.400,0.0,2
hostile=0.0,-2.716,4.400,0.0,2
hostile=0.0,-2.714,4.400,0.0,2
hostile=0.0,-2.711,4.400,0.0,2
hostile=0.0,-2.709,4.400,0.0,2
hostile=0.0,-2.707,4.400,0.0,2
hostile=0.0,-2.704,4.400,0.0,2
hostile=0.0,-2.702,4.400,0.0,2
hostile=0.0,-2.699,4.400,0.0,2
hostile=0.0,-2.697,4.400,0.0,2
hostile=0.0,-2.695,4.400,0.0,2
hostile=0.0,-2.692,4.400,0.0,2
hostile=0.0,-2.690,4.400,0.0,2
hostile=0.0,-2.687,4.400,0.0,2
hostile=0.0,-2.685,4.400,0.0,2
hostile=0.0,-2.683,4.400,0.0,2
hostile=0.0,-2.680,4.400,0.0,2
hostile=0.0,-2.678,4.400,0.0,2
hostile=0.0,-2.675,4.400,0.0,2
hostile=0.0,-2.673,4.400,0.0,2
hostile=0.0,-2.671,4.400,0.0,2
hostile=0.0,-2.668,4.400,0.0,2
hostile=0.0,-2.666,4.400,0.0,2
hostile=0.0,-2.663,4.400,0.0,2
hostile=0.0,-2.661,4.400,0.0,2
hostile=0.0,-2.659,4.400,0.0,2
hostile=0.0,-2.656,4.400,0.0,2
hostile=0.0,-2.654,4.400,0.0,2
hostile=0.0,-2.651,4.400,0.0,2
hostile=0.0,-2.649,4.400,0.0,2
hostile=0.0,-2.647,4.400,0.0,2
hostile=0.0,-2.644,4.400,0.0,2
hostile=0.0,-2.642,4.400,0.0,2
hostile=0.0,-2.639,4.400,0.0,2
hostile=0.0,-2.637,4.400,0.0,2
hostile=0.0,-2.635,4.400,0.0,2
hostile=0.0,-2.632,4.400,0.0,2
hostile=0.0,-2.630,4.400,0.0,2
hostile=0.0,-2.627,4.400,0.0,2
hostile=0.0,-2.625,4.400,0.0,2
hostile=0.0,-2.623,4.400,0.0,2
hostile=0.0,-2.620,4.400,0.0,2
hostile=0.0,-2.618,4.400,0.0,2
hostile=0.0,-2.615,4.400,0.0,2
hostile=0.0,-2.613,4.400,0.0,2
hostile=0.0,-2.611,4.400,0.0,2
hostile=0.0,-2.608,4.400,0.0,2
hostile=0.0,-2.606,4.400,0.0,2
hostile=0.0,-2.603,4.400,0.0,2
hostile=0.0,-2.601,4.400,0.0,2
hostile=0.0,-2.599,4.400,0.0,2
hostile=0.0,-2.596,4.400,0.0,2
hostile=0.0,-2.594,4.400,0.0,2
hostile=0.0,-2.591,4.400,0.0,2
hostile=0.0,-2.589,4.400,0.0,2
hostile=0.0,-2.587,4.400,0.0,2
hostile=0.0,-2.584,4.400,0.0,2
hostile=0.0,-2.582,4.400,0.0,2
hostile=0.0,-2.579,4.400,0.0,2
hostile=0.0,-2.577,4.400,0.0,2
hostile=0.0,-2.575,4.400,0.0,2
hostile=0.0,-2.572,4.400,0.0,2
hostile=0.0,-2.570,4.400,0.0,2
hostile=0.0,-2.567,4.400,0.0,2
hostile=0.0,-2.565,4.400,0.0,2
hostile=0.0,-2.563,4.400,0.0,2
hostile=0.0,-2.560,4.400,0.0,2
hostile=0.0,-2.558,4.400,0.0,2
hostile=0.0,-2.555,4.400,0.0,2
hostile=0.0,-2.553,4.400,0.0,2
hostile=0.0,-2.551,4.400,0.0,2
hostile=0.0,-2.548,4.400,0.0,2
hostile=0.0,-2.546,4.400,0.0,2
hostile=0.0,-2.543,4.400,0.0,2
hostile=0.0,-2.541,4.400,0.0,2
hostile=0.0,-2.539,4.400,0.0,2
hostile=0.0,-2.536,4.400,0.0,2
hostile=0.0,-2.534,4.400,0.0,2
hostile=0.0,-2.531,4.400,0.0,2
hostile=0.0,-2.529,4.400,0.0,2
hostile=0.0,-2.527,4.400,0.0,2
hostile=0.0,-2.524,4.400,0.0,2
hostile=0.0,-2.522,4.400,0.0,2
hostile=0.0,-2.519,4.400,0.0,2
hostile=0.0,-2.517,4.400,0.0,2
hostile=0.0,-2.515,4.400,0.0,2
hostile=0.0,-2.512,4.400,0.0,2
hostile=0.0,-2.510,4.400,0.0,2
hostile=0.0,-2.507,4.400,0.0,2
hostile=0.0,-2.505,4.400,0.0,2
hostile=0.0,-2.503,4.400,0.0,2
hostile=0.0,-2.500,4.400,0.0,2
hostile=0.0,-2.498,4.400,0.0,2
hostile=0.0,-2.495,4.400,0.0,2
hostile=0.0,-2.493,4.400,0.0,2
hostile=0.0,-2.490,4.400,0.0,2
hostile=0.0,-2.488,4.400,0.0,2
hostile=0.0,-2.486,4.400,0.0,2
hostile=0.0,-2.483,4.400,0.0,2
hostile=0.0,-2.481,4.400,0.0,2
hostile=0.0,-2.478,4.400,0.0,2
hostile=0.0,-2.476,4.400,0.0,2
hostile=0.0,-2.474,4.400,0.0,2
hostile=0.0,-2.471,4.400,0.0,2
hostile=0.0,-2.469,4.400,0.0,2
hostile=0.0,-2.466,4.400,0.0,2
hostile=0.0,-2.464,4.400,0.0,2
hostile=0.0,-2.462,4.400,0.0,2
hostile=0.0,-2.459,4.400,0.0,2
hostile=0.0,-2.457,4.400,0.0,2
hostile=0.0,-2.454,4.400,0.0,2
hostile=0.0,-2.452,4.400,0.0,2
hostile=0.0,-2.450,4.400,0.0,2
hostile=0.0,-2.447,4.400,0.0,2
hostile=0.0,-2.445,4.400,0.0,2
hostile=0.0,-2.442,4.400,0.0,2
hostile=0.0,-2.440,4.400,0.0,2
hostile=0.0,-2.438,4.400,0.0,2
hostile=0.0,-2.435,4.400,0.0,2
hostile=0.0,-2.433,4.400,0.0,2
hostile=0.0,-2.430,4.400,0.0,2
hostile=0.0,-2.428,4.400,0.0,2
hostile=0.0,-2.426,4.400,0.0,2
hostile=0.0,-2.423,4.400,0.0,2
hostile=0.0,-2.421,4.400,0.0,2
hostile=0.0,-2.418,4.400,0.0,2
hostile=0.0,-2.416,4.400,0.0,2
hostile=0.0,-2.414,4.400,0.0,2
hostile=0.0,-2.411,4.400,0.0,2
hostile=0.0,-2.409,4.400,0.0,2
hostile=0.0,-2.406,4.400,0.0,2
hostile=0.0,-2.404,4.400,0.0,2
hostile=0.0,-2.402,4.400,0.0,2
hostile=0.0,-2.399,4.400,0.0,2
hostile=0.0,-2.397,4.400,0.0,2
hostile=0.0,-2.394,4.400,0.0,2
hostile=0.0,-2.392,4.400,0.0,2
hostile=0.0,-2.390,4.400,0.0,2
hostile=0.0,-2.387,4.400,0.0,2
hostile=0.0,-2.385,4.400,0.0,2
hostile=0.0,-2.382,4.400,0.0,2
hostile=0.0,-2.380,4.400,0.0,2
hostile=0.0,-2.378,4.400,0.0,2
hostile=0.0,-2.375,4.400,0.0,2
hostile=0.0,-2.373,4.400,0.0,2
hostile=0.0,-2.370,4.400,0.0,2
hostile=0.0,-2.368,4.400,0.0,2
hostile=0.0,-2.366,4.400,0.0,2
hostile=0.0,-2.363,4.400,0.0,2
hostile=0.0,-2.361,4.400,0.0,2
hostile=0.0,-2.358,4.400,0.0,2
hostile=0.0,-2.356,4.400,0.0,2
hostile=0.0,-2.354,4.400,0.0,2
hostile=0.0,-2.351,4.400,0.0,2
hostile=0.0,-2.349,4.400,0.0,2
hostile=0.0,-2.346,4.400,0.0,2
hostile=0.0,-2.344,4.400,0.0,2
hostile=0.0,-2.342,4.400,0.0,2
hostile=0.0,-2.339,4.400,0.0,2
hostile=0.0,-2.337,4.400,0.0,2
hostile=0.0,-2.334,4.400,0.0,2
hostile=0.0,-2.332,4.400,0.0,2
hostile=0.0,-2.330,4.400,0.0,2
hostile=0.0,-2.327,4.400,0.0,2
hostile=0.0,-2.325,4.400,0.0,2
hostile=0.0,-2.322,4.400,0.0,2
hostile=0.0,-2.320,4.400,0.0,2
hostile=0.0,-2.318,4.400,0.0,2
hostile=0.0,-2.315,4.400,0.0,2
hostile=0.0,-2.313,4.400,0.0,2
hostile=0.0,-2.310,4.400,0.0,2
hostile=0.0,-2.308,4.400,0.0,2
hostile=0.0,-2.306,4.400,0.0,2
hostile=0.0,-2.303,4.400,0.0,2
hostile=0.0,-2.301,4.400,0.0,2
hostile=0.0,-2.298,4.400,0.0,2
hostile=0.0,-2.296,4.400,0.0,2
hostile=0.0,-2.294,4.400,0.0,2
hostile=0.0,-2.291,4.400,0.0,2
hostile=0.0,-2.289,4.400,0.0,2
hostile=0.0,-2.286,4.400,0.0,2
hostile=0.0,-2.284,4.400,0.0,2
hostile=0.0,-2.282,4.400,0.0,2
hostile=0.0,-2.279,4.400,0.0,2
hostile=0.0,-2.277,4.400,0.0,2
hostile=0.0,-2.274,4.400,0.0,2
hostile=0.0,-2.272,4.400,0.0,2
hostile=0.0,-2.270,4.400,0.0,2
hostile=0.0,-2.267,4.400,0.0,2
hostile=0.0,-2.265,4.400,0.0,2
hostile=0.0,-2.262,4.400,0.0,2
hostile=0.0,-2.260,4.400,0.0,2
hostile=0.0,-2.258,4.400,0.0,2
hostile=0.0,-2.255,4.400,0.0,2
hostile=0.0,-2.253,4.400,0.0,2
hostile=0.0,-2.250,4.400,0.0,2
hostile=0.0,-2.248,4.400,0.0,2
hostile=0.0,-2.246,4.400,0.0,2
hostile=0.0,-2.243,4.400,0.0,2
hostile=0.0,-2.241,4.400,0.0,2
hostile=0.0,-2.238,4.400,0.0,2
hostile=0.0,-2.236,4.400,0.0,2
hostile=0.0,-2.234,4.400,0.0,2
hostile=0.0,-2.231,4.400,0.0,2
hostile=0.0,-2.229,4.400,0.0,2
hostile=0.0,-2.226,4.400,0.0,2
hostile=0.0,-2.224,4.400,0.0,2
hostile=0.0,-2.222,4.400,0.0,2
hostile=0.0,-2.219,4.400,0.0,2
hostile=0.0,-2.217,4.400,0.0,2
hostile=0.0,-2.214,4.400,0.0,2
hostile=0.0,-2.212,4.400,0.0,2
hostile=0.0,-2.210,4.400,0.0,2
hostile=0.0,-2.207,4.400,0.0,2
hostile=0.0,-2.205,4.400,0.0,2
hostile=0.0,-2.202,4.400,0.0,2
hostile=0.0,-2.200,4.400,0.0,2
hostile=0.0,-2.198,4.400,0.0,2
hostile=0.0,-2.195,4.400,0.0,2
hostile=0.0,-2.193,4.400,0.0,2
hostile=0.0,-2.190,4.400,0.0,2
hostile=0.0,-2.188,4.400,0.0,2
hostile=0.0,-2.186,4.400,0.0,2
hostile=0.0,-2.183,4.400,0.0,2
hostile=0.0,-2.181,4.400,0.0,2
hostile=0.0,-2.178,4.400,0.0,2
hostile=0.0,-2.176,4.400,0.0,2
hostile=0.0,-2.174,4.400,0.0,2
hostile=0.0,-2.171,4.400,0.0,2
hostile=0.0,-2.169,4.400,0.0,2
hostile=0.0,-2.166,4.400,0.0,2
hostile=0.0,-2.164,4.400,0.0,2
hostile=0.0,-2.162,4.400,0.0,2
hostile=0.0,-2.159,4.400,0.0,2
hostile=0.0,-2.157,4.400,0.0,2
hostile=0.0,-2.154,4.400,0.0,2
hostile=0.0,-2.152,4.400,0.0,2
hostile=0.0,-2.150,4.400,0.0,2
hostile=0.0,-2.147,4.400,0.0,2
hostile=0.0,-2.145,4.400,0.0,2
hostile=0.0,-2.142,4.400,0.0,2
hostile=0.0,-2.140,4.400,0.0,2
hostile=0.0,-2.138,4.400,0.0,2
hostile=0.0,-2.135,4.400,0.0,2
hostile=0.0,-2.133,4.400,0.0,2
hostile=0.0,-2.130,4.400,0.0,2
hostile=0.0,-2.128,4.400,0.0,2
hostile=0.0,-2.126,4.400,0.0,2
hostile=0.0,-2.123,4.400,0.0,2
hostile=0.0,-2.121,4.400,0.0,2
hostile=0.0,-2.118,4.400,0.0,2
hostile=0.0,-2.116,4.400,0.0,2
hostile=0.0,-2.114,4.400,0.0,2
hostile=0.0,-2.111,4.400,0.0,2
hostile=0.0,-2.109,4.400,0.0,2
hostile=0.0,-2.106,4.400,0.0,2
hostile=0.0,-2.104,4.400,0.0,2
hostile=0.0,-2.102,4.400,0.0,2
hostile=0.0,-2.099,4.400,0.0,2
hostile=0.0,-2.097,4.400,0.0,2
hostile=0.0,-2.094,4.400,0.0,2
hostile=0.0,-2.092,4.400,0.0,2
hostile=0.0,-2.090,4.400,0.0,2
hostile=0.0,-2.087,4.400,0.0,2
hostile=0.0,-2.085,4.400,0.0,2
hostile=0.0,-2.082,4.400,0.0,2
hostile=0.0,-2.080,4.400,0.0,2
hostile=0.0,-2.078,4.400,0.0,2
hostile=0.0,-2.075,4.400,0.0,2
hostile=0.0,-2.073,4.400,0.0,2
hostile=0.0,-2.070,4.400,0.0,2
hostile=0.0,-2.068,4.400,0.0,2
hostile=0.0,-2.066,4.400,0.0,2
hostile=0.0,-2.063,4.400,0.0,2
hostile=0.0,-2.061,4.400,0.0,2
hostile=0.0,-2.058,4.400,0.0,2
hostile=0.0,-2.056,4.400,0.0,2
hostile=0.0,-2.054,4.400,0.0,2
hostile=0.0,-2.051,4.400,0.0,2
hostile=0.0,-2.049,4.400,0.0,2
hostile=0.0,-2.046,4.400,0.0,2
hostile=0.0,-2.044,4.400,0.0,2
hostile=0.0,-2.042,4.400,0.0,2
hostile=0.0,-2.039,4.400,0.0,2
hostile=0.0,-2.037,4.400,0.0,2
hostile=0.0,-2.034,4.400,0.0,2
hostile=0.0,-2.032,4.400,0.0,2
hostile=0.0,-2.030,4.400,0.0,2
hostile=0.0,-2.027,4.400,0.0,2
hostile=0.0,-2.025,4.400,0.0,2
hostile=0.0,-2.022,4.400,0.0,2
hostile=0.0,-2.020,4.400,0.0,2
hostile=0.0,-2.018,4.400,0.0,2
hostile=0.0,-2.015,4.400,0.0,2
hostile=0.0,-2.013,4.400,0.0,2
hostile=0.0,-2.010,4.400,0.0,2
hostile=0.0,-2.008,4.400,0.0,2
hostile=0.0,-2.006,4.400,0.0,2
hostile=0.0,-2.003,4.400,0.0,2
hostile=0.0,-2.001,4.400,0.0,2
hostile=0.0,-1.998,4.400,0.0,2
hostile=0.0,-1.996,4.400,0.0,2
hostile=0.0,-1.994,4.400,0.0,2
hostile=0.0,-1.991,4.400,0.0,2
hostile=0.0,-1.989,4.400,0.0,2
hostile=0.0,-1.986,4.400,0.0,2
hostile=0.0,-1.984,4.400,0.0,2
hostile=0.0,-1.982,4.400,0.0,2
hostile=0.0,-1.979,4.400,0.0,2
hostile=0.0,-1.977,4.400,0.0,2
hostile=0.0,-1.974,4.400,0.0,2
hostile=0.0,-1.972,4.400,0.0,2
hostile=0.0,-1.970,4.400,0.0,2
hostile=0.0,-1.967,4.400,0.0,2
hostile=0.0,-1.965,4.400,0.0,2
hostile=0.0,-1.962,4.400,0.0,2
hostile=0.0,-1.960,4.400,0.0,2
hostile=0.0,-1.958,4.400,0.0,2
hostile=0.0,-1.955,4.400,0.0,2
hostile=0.0,-1.953,4.400,0.0,2
hostile=0.0,-1.950,4.400,0.0,2
hostile=0.0,-1.948,4.400,0.0,2
hostile=0.0,-1.946,4.400,0.0,2
hostile=0.0,-1.943,4.400,0.0,2
hostile=0.0,-1.941,4.400,0.0,2
hostile=0.0,-1.938,4.400,0.0,2
hostile=0.0,-1.936,4.400,0.0,2
hostile=0.0,-1.934,4.400,0.0,2
hostile=0.0,-1.931,4.400,0.0,2
hostile=0.0,-1.929,4.400,0.0,2
hostile=0.0,-1.926,4.400,0.0,2
hostile=0.0,-1.924,4.400,0.0,2
hostile=0.0,-1.922,4.400,0.0,2
hostile=0.0,-1.919,4.400,0.0,2
hostile=0.0,-1.917,4.400,0.0,2
hostile=0.0,-1.914,4.400,0.0,2
hostile=0.0,-1.912,4.400,0.0,2
hostile=0.0,-1.910,4.400,0.0,2
hostile=0.0,-1.907,4.400,0.0,2
hostile=0.0,-1.905,4.400,0.0,2
hostile=0.0,-1.902,4.400,0.0,2
hostile=0.0,-1.900,4.400,0.0,2
hostile=0.0,-1.898,4.400,0.0,2
hostile=0.0,-1.895,4.400,0.0,2
hostile=0.0,-1.893,4.400,0.0,2
hostile=0.0,-1.890,4.400,0.0,2
hostile=0.0,-1.888,4.400,0.0,2
hostile=0.0,-1.886,4.400,0.0,2
hostile=0.0,-1.883,4.400,0.0,2
hostile=0.0,-1.881,4.400,0.0,2
hostile=0.0,-1.878,4.400,0.0,2
hostile=0.0,-1.876,4.400,0.0,2
hostile=0.0,-1.874,4.400,0.0,2
hostile=0.0,-1.871,4.400,0.0,2
hostile=0.0,-1.869,4.400,0.0,2
hostile=0.0,-1.866,4.400,0.0,2
hostile=0.0,-1.864,4.400,0.0,2
hostile=0.0,-1.862,4.400,0.0,2
hostile=0.0,-1.859,4.400,0.0,2
hostile=0.0,-1.857,4.400,0.0,2
hostile=0.0,-1.854,4.400,0.0,2
hostile=0.0,-1.852,4.400,0.0,2
hostile=0.0,-1.850,4.400,0.0,2
hostile=0.0,-1.847,4.400,0.0,2
hostile=0.0,-1.845,4.400,0.0,2
hostile=0.0,-1.842,4.400,0.0,2
hostile=0.0,-1.840,4.400,0.0,2
hostile=0.0,-1.838,4.400,0.0,2
hostile=0.0,-1.835,4.400,0.0,2
hostile=0.0,-1.833,4.400,0.0,2
hostile=0.0,-1.830,4.400,0.0,2
hostile=0.0,-1.828,4.400,0.0,2
hostile=0.0,-1.826,4.400,0.0,2
hostile=0.0,-1.823,4.400,0.0,2
hostile=0.0,-1.821,4.400,0.0,2
hostile=0.0,-1.818,4.400,0.0,2
hostile=0.0,-1.816,4.400,0.0,2
hostile=0.0,-1.814,4.400,0.0,2
hostile=0.0,-1.811,4.400,0.0,2
hostile=0.0,-1.809,4.400,0.0,2
hostile=0.0,-1.806,4.400,0.0,2
hostile=0.0,-1.804,4.400,0.0,2
hostile=0.0,-1.802,4.400,0.0,2
hostile=0.0,-1.799,4.400,0.0,2
hostile=0.0,-1.797,4.400,0.0,2
hostile=0.0,-1.794,4.400,0.0,2
hostile=0.0,-1.792,4.400,0.0,2
hostile=0.0,-1.790,4.400,0.0,2
hostile=0.0,-1.787,4.400,0.0,2
hostile=0.0,-1.785,4.400,0.0,2
hostile=0.0,-1.782,4.400,0.0,2
hostile=0.0,-1.780,4.400,0.0,2
hostile=0.0,-1.778,4.400,0.0,2
hostile=0.0,-1.775,4.400,0.0,2
hostile=0.0,-1.773,4.400,0.0,2
hostile=0.0,-1.770,4.400,0.0,2
hostile=0.0,-1.768,4.400,0.0,2
hostile=0.0,-1.766,4.400,0.0,2
hostile=0.0,-1.763,4.400,0.0,2
hostile=0.0,-1.761,4.400,0.0,2
hostile=0.0,-1.758,4.400,0.0,2
hostile=0.0,-1.756,4.400,0.0,2
hostile=0.0,-1.754,4.400,0.0,2
hostile=0.0,-1.751,4.400,0.0,2
hostile=0.0,-1.749,4.400,0.0,2
hostile=0.0,-1.746,4.400,0.0,2
hostile=0.0,-1.744,4.400,0.0,2
hostile=0.0,-1.742,4.400,0.0,2
hostile=0.0,-1.739,4.400,0.0,2
hostile=0.0,-1.737,4.400,0.0,2
hostile=0.0,-1.734,4.400,0.0,2
hostile=0.0,-1.732,4.400,0.0,2
hostile=0.0,-1.730,4.400,0.0,2
hostile=0.0,-1.727,4.400,0.0,2
hostile=0.0,-1.725,4.400,0.0,2
hostile=0.0,-1.722,4.400,0.0,2
hostile=0.0,-1.720,4.400,0.0,2
hostile=0.0,-1.718,4.400,0.0,2
hostile=0.0,-1.715,4.400,0.0,2
hostile=0.0,-1.713,4.400,0.0,2
hostile=0.0,-1.710,4.400,0.0,2
hostile=0.0,-1.708,4.400,0.0,2
hostile=0.0,-1.706,4.400,0.0,2
hostile=0.0,-1.703,4.400,0.0,2
hostile=0.0,-1.701,4.400,0.0,2
hostile=0.0,-1.698,4.400,0.0,2
hostile=0.0,-1.696,4.400,0.0,2
hostile=0.0,-1.694,4.400,0.0,2
hostile=0.0,-1.691,4.400,0.0,2
hostile=0.0,-1.689,4.400,0.0,2
hostile=0.0,-1.686,4.400,0.0,2
hostile=0.0,-1.684,4.400,0.0,2
hostile=0.0,-1.682,4.400,0.0,2
hostile=0.0,-1.679,4.400,0.0,2
hostile=0.0,-1.677,4.400,0.0,2
hostile=0.0,-1.674,4.400,0.0,2
hostile=0.0,-1.672,4.400,0.0,2
hostile=0.0,-1.670,4.400,0.0,2
hostile=0.0,-1.667,4.400,0.0,2
hostile=0.0,-1.665,4.400,0.0,2
hostile=0.0,-1.662,4.400,0.0,2
hostile=0.0,-1.660,4.400,0.0,2
hostile=0.0,-1.658,4.400,0.0,2
hostile=0.0,-1.655,4.400,0.0,2
hostile=0.0,-1.653,4.400,0.0,2
hostile=0.0,-1.650,4.400,0.0,2
hostile=0.0,-1.648,4.400,0.0,2
hostile=0.0,-1.646,4.400,0.0,2
hostile=0.0,-1.643,4.400,0.0,2
hostile=0.0,-1.641,4.400,0.0,2
hostile=0.0,-1.638,4.400,0.0,2
hostile=0.0,-1.636,4.400,0.0,2
hostile=0.0,-1.634,4.400,0.0,2
hostile=0.0,-1.631,4.400,0.0,2
hostile=0.0,-1.629,4.400,0.0,2
hostile=0.0,-1.626,4.400,0.0,2
hostile=0.0,-1.624,4.400,0.0,2
hostile=0.0,-1.622,4.400,0.0,2
hostile=0.0,-1.619,4.400,0.0,2
hostile=0.0,-1.617,4.400,0.0,2
hostile=0.0,-1.614,4.400,0.0,2
hostile=0.0,-1.612,4.400,0.0,2
hostile=0.0,-1.610,4.400,0.0,2
hostile=0.0,-1.607,4.400,0.0,2
hostile=0.0,-1.605,4.400,0.0,2
hostile=0.0,-1.602,4.400,0.0,2
hostile=0.0,-1.600,4.400,0.0,2
hostile=0.0,-1.598,4.400,0.0,2
hostile=0.0,-1.595,4.400,0.0,2
hostile=0.0,-1.593,4.400,0.0,2
hostile=0.0,-1.590,4.400,0.0,2
hostile=0.0,-1.588,4.400,0.0,2
hostile=0.0,-1.586,4.400,0.0,2
hostile=0.0,-1.583,4.400,0.0,2
hostile=0.0,-1.581,4.400,0.0,2
hostile=0.0,-1.578,4.400,0.0,2
hostile=0.0,-1.576,4.400,0.0,2
hostile=0.0,-1.574,4.400,0.0,2
hostile=0.0,-1.571,4.400,0.0,2
hostile=0.0,-1.569,4.400,0.0,2
hostile=0.0,-1.566,4.400,0.0,2
hostile=0.0,-1.564,4.400,0.0,2
hostile=0.0,-1.562,4.400,0.0,2
hostile=0.0,-1.559,4.400,0.0,2
hostile=0.0,-1.557,4.400,0.0,2
hostile=0.0,-1.554,4.400,0.0,2
hostile=0.0,-1.552,4.400,0.0,2
hostile=0.0,-1.550,4.400,0.0,2
hostile=0.0,-1.547,4.400,0.0,2
hostile=0.0,-1.545,4.400,0.0,2
hostile=0.0,-1.542,4.400,0.0,2
hostile=0.0,-1.540,4.400,0.0,2
hostile=0.0,-1.538,4.400,0.0,2
hostile=0.0,-1.535,4.400,0.0,2
hostile=0.0,-1.533,4.400,0.0,2
hostile=0.0,-1.530,4.400,0.0,2
hostile=0.0,-1.528,4.400,0.0,2
hostile=0.0,-1.526,4.400,0.0,2
hostile=0.0,-1.523,4.400,0.0,2
hostile=0.0,-1.521,4.400,0.0,2
hostile=0.0,-1.518,4.400,0.0,2
hostile=0.0,-1.516,4.400,0.0,2
hostile=0.0,-1.514,4.400,0.0,2
hostile=0.0,-1.511,4.400,0.0,2
hostile=0.0,-1.509,4.400,0.0,2
hostile=0.0,-1.506,4.400,0.0,2
hostile=0.0,-1.504,4.400,0.0,2
hostile=0.0,-1.502,4.400,0.0,2
hostile=0.0,-1.499,4.400,0.0,2
hostile=0.0,-1.497,4.400,0.0,2
hostile=0.0,-1.494,4.400,0.0,2
hostile=0.0,-1.492,4.400,0.0,2
hostile=0.0,-1.489,4.400,0.0,2
hostile=0.0,-1.487,4.400,0.0,2
hostile=0.0,-1.485,4.400,0.0,2
hostile=0.0,-1.482,4.400,0.0,2
hostile=0.0,-1.480,4.400,0.0,2
hostile=0.0,-1.477,4.400,0.0,2
hostile=0.0,-1.475,4.400,0.0,2
hostile=0.0,-1.473,4.400,0.0,2
hostile=0.0,-1.470,4.400,0.0,2
hostile=0.0,-1.468,4.400,0.0,2
hostile=0.0,-1.465,4.400,0.0,2
hostile=0.0,-1.463,4.400,0.0,2
hostile=0.0,-1.461,4.400,0.0,2
hostile=0.0,-1.458,4.400,0.0,2
hostile=0.0,-1.456,4.400,0.0,2
hostile=0.0,-1.453,4.400,0.0,2
hostile=0.0,-1.451,4.400,0.0,2
hostile=0.0,-1.449,4.400,0.0,2
hostile=0.0,-1.446,4.400,0.0,2
hostile=0.0,-1.444,4.400,0.0,2
hostile=0.0,-1.441,4.400,0.0,2
hostile=0.0,-1.439,4.400,0.0,2
hostile=0.0,-1.437,4.400,0.0,2
hostile=0.0,-1.434,4.400,0.0,2
hostile=0.0,-1.432,4.400,0.0,2
hostile=0.0,-1.429,4.400,0.0,2
hostile=0.0,-1.427,4.400,0.0,2
hostile=0.0,-1.425,4.400,0.0,2
hostile=0.0,-1.422,4.400,0.0,2
hostile=0.0,-1.420,4.400,0.0,2
hostile=0.0,-1.417,4.400,0.0,2
hostile=0.0,-1.415,4.400,0.0,2
hostile=0.0,-1.413,4.400,0.0,2
hostile=0.0,-1.410,4.400,0.0,2
hostile=0.0,-1.408,4.400,0.0,2
hostile=0.0,-1.405,4.400,0.0,2
hostile=0.0,-1.403,4.400,0.0,2
hostile=0.0,-1.401,4.400,0.0,2
hostile=0.0,-1.398,4.400,0.0,2
hostile=0.0,-1.396,4.400,0.0,2
hostile=0.0,-1.393,4.400,0.0,2
hostile=0.0,-1.391,4.400,0.0,2
hostile=0.0,-1.389,4.400,0.0,2
hostile=0.0,-1.386,4.400,0.0,2
hostile=0.0,-1.384,4.400,0.0,2
hostile=0.0,-1.381,4.400,0.0,2
hostile=0.0,-1.379,4.400,0.0,2
hostile=0.0,-1.377,4.400,0.0,2
hostile=0.0,-1.374,4.400,0.0,2
hostile=0.0,-1.372,4.400,0.0,2
hostile=0.0,-1.369,4.400,0.0,2
hostile=0.0,-1.367,4.400,0.0,2
hostile=0.0,-1.365,4.400,0.0,2
hostile=0.0,-1.362,4.400,0.0,2
hostile=0.0,-1.360,4.400,0.0,2
hostile=0.0,-1.357,4.400,0.0,2
hostile=0.0,-1.355,4.400,0.0,2
hostile=0.0,-1.353,4.400,0.0,2
hostile=0.0,-1.350,4.400,0.0,2
hostile=0.0,-1.348,4.400,0.0,2
hostile=0.0,-1.345,4.400,0.0,2
hostile=0.0,-1.343,4.400,0.0,2
hostile=0.0,-1.341,4.400,0.0,2
hostile=0.0,-1.338,4.400,0.0,2
hostile=0.0,-1.336,4.400,0.0,2
hostile=0.0,-1.333,4.400,0.0,2
hostile=0.0,-1.331,4.400,0.0,2
hostile=0.0,-1.329,4.400,0.0,2
hostile=0.0,-1.326,4.400,0.0,2
hostile=0.0,-1.324,4.400,0.0,2
hostile=0.0,-1.321,4.400,0.0,2
hostile=0.0,-1.319,4.400,0.0,2
hostile=0.0,-1.317,4.400,0.0,2
hostile=0.0,-1.314,4.400,0.0,2
hostile=0.0,-1.312,4.400,0.0,2
hostile=0.0,-1.309,4.400,0.0,2
hostile=0.0,-1.307,4.400,0.0,2
hostile=0.0,-1.305,4.400,0.0,2
hostile=0.0,-1.302,4.400,0.0,2
hostile=0.0,-1.300,4.400,0.0,2
hostile=0.0,-1.297,4.400,0.0,2
hostile=0.0,-1.295,4.400,0.0,2
hostile=0.0,-1.293,4.400,0.0,2
hostile=0.0,-1.290,4.400,0.0,2
hostile=0.0,-1.288,4.400,0.0,2
hostile=0.0,-1.285,4.400,0.0,2
hostile=0.0,-1.283,4.400,0.0,2
hostile=0.0,-1.281,4.400,0.0,2
hostile=0.0,-1.278,4.400,0.0,2
hostile=0.0,-1.276,4.400,0.0,2
hostile=0.0,-1.273,4.400,0.0,2
hostile=0.0,-1.271,4.400,0.0,2
hostile=0.0,-1.269,4.400,0.0,2
hostile=0.0,-1.266,4.400,0.0,2
hostile=0.0,-1.264,4.400,0.0,2
hostile=0.0,-1.261,4.400,0.0,2
hostile=0.0,-1.259,4.400,0.0,2
hostile=0.0,-1.257,4.400,0.0,2
hostile=0.0,-1.254,4.400,0.0,2
hostile=0.0,-1.252,4.400,0.0,2
hostile=0.0,-1.249,4.400,0.0,2
hostile=0.0,-1.247,4.400,0.0,2
hostile=0.0,-1.245,4.400,0.0,2
hostile=0.0,-1.242,4.400,0.0,2
hostile=0.0,-1.240,4.400,0.0,2
hostile=0.0,-1.237,4.400,0.0,2
hostile=0.0,-1.235,4.400,0.0,2
hostile=0.0,-1.233,4.400,0.0,2
hostile=0.0,-1.230,4.400,0.0,2
hostile=0.0,-1.228,4.400,0.0,2
hostile=0.0,-1.225,4.400,0.0,2
hostile=0.0,-1.223,4.400,0.0,2
hostile=0.0,-1.221,4.400,0.0,2
hostile=0.0,-1.218,4.400,0.0,2
hostile=0.0,-1.216,4.400,0.0,2
hostile=0.0,-1.213,4.400,0.0,2
hostile=0.0,-1.211,4.400,0.0,2
hostile=0.0,-1.209,4.400,0.0,2
hostile=0.0,-1.206,4.400,0.0,2
hostile=0.0,-1.204,4.400,0.0,2
hostile=0.0,-1.201,4.400,0.0,2
hostile=0.0,-1.199,4.400,0.0,2
hostile=0.0,-1.197,4.400,0.0,2
hostile=0.0,-1.194,4.400,0.0,2
hostile=0.0,-1.192,4.400,0.0,2
hostile=0.0,-1.189,4.400,0.0,2
hostile=0.0,-1.187,4.400,0.0,2
hostile=0.0,-1.185,4.400,0.0,2
hostile=0.0,-1.182,4.400,0.0,2
hostile=0.0,-1.180,4.400,0.0,2
hostile=0.0,-1.177,4.400,0.0,2
hostile=0.0,-1.175,4.400,0.0,2
hostile=0.0,-1.173,4.400,0.0,2
hostile=0.0,-1.170,4.400,0.0,2
hostile=0.0,-1.168,4.400,0.0,2
hostile=0.0,-1.165,4.400,0.0,2
hostile=0.0,-1.163,4.400,0.0,2
hostile=0.0,-1.161,4.400,0.0,2
hostile=0.0,-1.158,4.400,0.0,2
hostile=0.0,-1.156,4.400,0.0,2
hostile=0.0,-1.153,4.400,0.0,2
hostile=0.0,-1.151,4.400,0.0,2
hostile=0.0,-1.149,4.400,0.0,2
hostile=0.0,-1.146,4.400,0.0,2
hostile=0.0,-1.144,4.400,0.0,2
hostile=0.0,-1.141,4.400,0.0,2
hostile=0.0,-1.139,4.400,0.0,2
hostile=0.0,-1.137,4.400,0.0,2
hostile=0.0,-1.134,4.400,0.0,2
hostile=0.0,-1.132,4.400,0.0,2
hostile=0.0,-1.129,4.400,0.0,2
hostile=0.0,-1.127,4.400,0.0,2
hostile=0.0,-1.125,4.400,0.0,2
hostile=0.0,-1.122,4.400,0.0,2
hostile=0.0,-1.120,4.400,0.0,2
hostile=0.0,-1.117,4.400,0.0,2
hostile=0.0,-1.115,4.400,0.0,2
hostile=0.0,-1.113,4.400,0.0,2
hostile=0.0,-1.110,4.400,0.0,2
hostile=0.0,-1.108,4.400,0.0,2
hostile=0.0,-1.105,4.400,0.0,2
hostile=0.0,-1.103,4.400,0.0,2
hostile=0.0,-1.101,4.400,0.0,2
hostile=0.0,-1.098,4.400,0.0,2
hostile=0.0,-1.096,4.400,0.0,2
hostile=0.0,-1.093,4.400,0.0,2
hostile=0.0,-1.091,4.400,0.0,2
hostile=0.0,-1.089,4.400,0.0,2
hostile=0.0,-1.086,4.400,0.0,2
hostile=0.0,-1.084,4.400,0.0,2
hostile=0.0,-1.081,4.400,0.0,2
hostile=0.0,-1.079,4.400,0.0,2
hostile=0.0,-1.077,4.400,0.0,2
hostile=0.0,-1.074,4.400,0.0,2
hostile=0.0,-1.072,4.400,0.0,2
hostile=0.0,-1.069,4.400,0.0,2
hostile=0.0,-1.067,4.400,0.0,2
hostile=0.0,-1.065,4.400,0.0,2
hostile=0.0,-1.062,4.400,0.0,2
hostile=0.0,-1.060,4.400,0.0,2
hostile=0.0,-1.057,4.400,0.0,2
hostile=0.0,-1.055,4.400,0.0,2
hostile=0.0,-1.053,4.400,0.0,2
hostile=0.0,-1.050,4.400,0.0,2
hostile=0.0,-1.048,4.400,0.0,2
hostile=0.0,-1.045,4.400,0.0,2
hostile=0.0,-1.043,4.400,0.0,2
hostile=0.0,-1.041,4.400,0.0,2
hostile=0.0,-1.038,4.400,0.0,2
hostile=0.0,-1.036,4.400,0.0,2
hostile=0.0,-1.033,4.400,0.0,2
hostile=0.0,-1.031,4.400,0.0,2
hostile=0.0,-1.029,4.400,0.0,2
hostile=0.0,-1.026,4.400,0.0,2
hostile=0.0,-1.024,4.400,0.0,2
hostile=0.0,-1.021,4.400,0.0,2
hostile=0.0,-1.019,4.400,0.0,2
hostile=0.0,-1.017,4.400,0.0,2
hostile=0.0,-1.014,4.400,0.0,2
hostile=0.0,-1.012,4.400,0.0,2
hostile=0.0,-1.009,4.400,0.0,2
hostile=0.0,-1.007,4.400,0.0,2
hostile=0.0,-1.005,4.400,0.0,2
hostile=0.0,-1.002,4.400,0.0,2
hostile=0.0,-1.000,4.400,0.0,2
hostile=0.0,-0.997,4.400,0.0,2
hostile=0.0,-0.995,4.400,0.0,2
hostile=0.0,-0.993,4.400,0.0,2
hostile=0.0,-0.990,4.400,0.0,2
hostile=0.0,-0.988,4.400,0.0,2
hostile=0.0,-0.985,4.400,0.0,2
hostile=0.0,-0.983,4.400,0.0,2
hostile=0.0,-0.981,4.400,0.0,2
hostile=0.0,-0.978,4.400,0.0,2
hostile=0.0,-0.976,4.400,0.0,2
hostile=0.0,-0.973,4.400,0.0,2
hostile=0.0,-0.971,4.400,0.0,2
hostile=0.0,-0.969,4.400,0.0,2
hostile=0.0,-0.966,4.400,0.0,2
hostile=0.0,-0.964,4.400,0.0,2
hostile=0.0,-0.961,4.400,0.0,2
hostile=0.0,-0.959,4.400,0.0,2
hostile=0.0,-0.957,4.400,0.0,2
hostile=0.0,-0.954,4.400,0.0,2
hostile=0.0,-0.952,4.400,0.0,2
hostile=0.0,-0.949,4.400,0.0,2
hostile=0.0,-0.947,4.400,0.0,2
hostile=0.0,-0.945,4.400,0.0,2
hostile=0.0,-0.942,4.400,0.0,2
hostile=0.0,-0.940,4.400,0.0,2
hostile=0.0,-0.937,4.400,0.0,2
hostile=0.0,-0.935,4.400,0.0,2
hostile=0.0,-0.933,4.400,0.0,2
hostile=0.0,-0.930,4.400,0.0,2
hostile=0.0,-0.928,4.400,0.0,2
hostile=0.0,-0.925,4.400,0.0,2
hostile=0.0,-0.923,4.400,0.0,2
hostile=0.0,-0.921,4.400,0.0,2
hostile=0.0,-0.918,4.400,0.0,2
hostile=0.0,-0.916,4.400,0.0,2
hostile=0.0,-0.913,4.400,0.0,2
hostile=0.0,-0.911,4.400,0.0,2
hostile=0.0,-0.909,4.400,0.0,2
hostile=0.0,-0.906,4.400,0.0,2
hostile=0.0,-0.904,4.400,0.0,2
hostile=0.0,-0.901,4.400,0.0,2
hostile=0.0,-0.899,4.400,0.0,2
hostile=0.0,-0.897,4.400,0.0,2
hostile=0.0,-0.894,4.400,0.0,2
hostile=0.0,-0.892,4.400,0.0,2
hostile=0.0,-0.889,4.400,0.0,2
hostile=0.0,-0.887,4.400,0.0,2
hostile=0.0,-0.885,4.400,0.0,2
hostile=0.0,-0.882,4.400,0.0,2
hostile=0.0,-0.880,4.400,0.0,2
hostile=0.0,-0.877,4.400,0.0,2
hostile=0.0,-0.875,4.400,0.0,2
hostile=0.0,-0.873,4.400,0.0,2
hostile=0.0,-0.870,4.400,0.0,2
hostile=0.0,-0.868,4.400,0.0,2
hostile=0.0,-0.865,4.400,0.0,2
hostile=0.0,-0.863,4.400,0.0,2
hostile=0.0,-0.861,4.400,0.0,2
hostile=0.0,-0.858,4.400,0.0,2
hostile=0.0,-0.856,4.400,0.0,2
hostile=0.0,-0.853,4.400,0.0,2
hostile=0.0,-0.851,4.400,0.0,2
hostile=0.0,-0.849,4.400,0.0,2
hostile=0.0,-0.846,4.400,0.0,2
hostile=0.0,-0.844,4.400,0.0,2
hostile=0.0,-0.841,4.400,0.0,2
hostile=0.0,-0.839,4.400,0.0,2
hostile=0.0,-0.837,4.400,0.0,2
hostile=0.0,-0.834,4.400,0.0,2
hostile=0.0,-0.832,4.400,0.0,2
hostile=0.0,-0.829,4.400,0.0,2
hostile=0.0,-0.827,4.400,0.0,2
hostile=0.0,-0.825,4.400,0.0,2
hostile=0.0,-0.822,4.400,0.0,2
hostile=0.0,-0.820,4.400,0.0,2
hostile=0.0,-0.817,4.400,0.0,2
hostile=0.0,-0.815,4.400,0.0,2
hostile=0.0,-0.813,4.400,0.0,2
hostile=0.0,-0.810,4.400,0.0,2
hostile=0.0,-0.808,4.400,0.0,2
hostile=0.0,-0.805,4.400,0.0,2
hostile=0.0,-0.803,4.400,0.0,2
hostile=0.0,-0.801,4.400,0.0,2
hostile=0.0,-0.798,4.400,0.0,2
hostile=0.0,-0.796,4.400,0.0,2
hostile=0.0,-0.793,4.400,0.0,2
hostile=0.0,-0.791,4.400,0.0,2
hostile=0.0,-0.789,4.400,0.0,2
hostile=0.0,-0.786,4.400,0.0,2
hostile=0.0,-0.784,4.400,0.0,2
hostile=0.0,-0.781,4.400,0.0,2
hostile=0.0,-0.779,4.400,0.0,2
hostile=0.0,-0.777,4.400,0.0,2
hostile=0.0,-0.774,4.400,0.0,2
hostile=0.0,-0.772,4.400,0.0,2
hostile=0.0,-0.769,4.400,0.0,2
hostile=0.0,-0.767,4.400,0.0,2
hostile=0.0,-0.765,4.400,0.0,2
hostile=0.0,-0.762,4.400,0.0,2
hostile=0.0,-0.760,4.400,0.0,2
hostile=0.0,-0.757,4.400,0.0,2
hostile=0.0,-0.755,4.400,0.0,2
hostile=0.0,-0.753,4.400,0.0,2
hostile=0.0,-0.750,4.400,0.0,2
hostile=0.0,-0.748,4.400,0.0,2
hostile=0.0,-0.745,4.400,0.0,2
hostile=0.0,-0.743,4.400,0.0,2
hostile=0.0,-0.741,4.400,0.0,2
hostile=0.0,-0.738,4.400,0.0,2
hostile=0.0,-0.736,4.400,0.0,2
hostile=0.0,-0.733,4.400,0.0,2
hostile=0.0,-0.731,4.400,0.0,2
hostile=0.0,-0.729,4.400,0.0,2
hostile=0.0,-0.726,4.400,0.0,2
hostile=0.0,-0.724,4.400,0.0,2
hostile=0.0,-0.721,4.400,0.0,2
hostile=0.0,-0.719,4.400,0.0,2
hostile=0.0,-0.717,4.400,0.0,2
hostile=0.0,-0.714,4.400,0.0,2
hostile=0.0,-0.712,4.400,0.0,2
hostile=0.0,-0.709,4.400,0.0,2
hostile=0.0,-0.707,4.400,0.0,2
hostile=0.0,-0.705,4.400,0.0,2
hostile=0.0,-0.702,4.400,0.0,2
hostile=0.0,-0.700,4.400,0.0,2
hostile=0.0,-0.697,4.400,0.0,2
hostile=0.0,-0.695,4.400,0.0,2
hostile=0.0,-0.693,4.400,0.0,2
hostile=0.0,-0.690,4.400,0.0,2
hostile=0.0,-0.688,4.400,0.0,2
hostile=0.0,-0.685,4.400,0.0,2
hostile=0.0,-0.683,4.400,0.0,2
hostile=0.0,-0.681,4.400,0.0,2
hostile=0.0,-0.678,4.400,0.0,2
hostile=0.0,-0.676,4.400,0.0,2
hostile=0.0,-0.673,4.400,0.0,2
hostile=0.0,-0.671,4.400,0.0,2
hostile=0.0,-0.669,4.400,0.0,2
hostile=0.0,-0.666,4.400,0.0,2
hostile=0.0,-0.664,4.400,0.0,2
hostile=0.0,-0.661,4.400,0.0,2
hostile=0.0,-0.659,4.400,0.0,2
hostile=0.0,-0.657,4.400,0.0,2
hostile=0.0,-0.654,4.400,0.0,2
hostile=0.0,-0.652,4.400,0.0,2
hostile=0.0,-0.649,4.400,0.0,2
hostile=0.0,-0.647,4.400,0.0,2
hostile=0.0,-0.645,4.400,0.0,2
hostile=0.0,-0.642,4.400,0.0,2
hostile=0.0,-0.640,4.400,0.0,2
hostile=0.0,-0.637,4.400,0.0,2
hostile=0.0,-0.635,4.400,0.0,2
hostile=0.0,-0.633,4.400,0.0,2
hostile=0.0,-0.630,4.400,0.0,2
hostile=0.0,-0.628,4.400,0.0,2
hostile=0.0,-0.625,4.400,0.0,2
hostile=0.0,-0.623,4.400,0.0,2
hostile=0.0,-0.621,4.400,0.0,2
hostile=0.0,-0.618,4.400,0.0,2
hostile=0.0,-0.616,4.400,0.0,2
hostile=0.0,-0.613,4.400,0.0,2
hostile=0.0,-0.611,4.400,0.0,2
hostile=0.0,-0.609,4.400,0.0,2
hostile=0.0,-0.606,4.400,0.0,2
hostile=0.0,-0.604,4.400,0.0,2
hostile=0.0,-0.601,4.400,0.0,2
hostile=0.0,-0.599,4.400,0.0,2
hostile=0.0,-0.597,4.400,0.0,2
hostile=0.0,-0.594,4.400,0.0,2
hostile=0.0,-0.592,4.400,0.0,2
hostile=0.0,-0.589,4.400,0.0,2
hostile=0.0,-0.587,4.400,0.0,2
hostile=0.0,-0.585,4.400,0.0,2
hostile=0.0,-0.582,4.400,0.0,2
hostile=0.0,-0.580,4.400,0.0,2
hostile=0.0,-0.577,4.400,0.0,2
hostile=0.0,-0.575,4.400,0.0,2
hostile=0.0,-0.573,4.400,0.0,2
hostile=0.0,-0.570,4.400,0.0,2
hostile=0.0,-0.568,4.400,0.0,2
hostile=0.0,-0.565,4.400,0.0,2
hostile=0.0,-0.563,4.400,0.0,2
hostile=0.0,-0.561,4.400,0.0,2
hostile=0.0,-0.558,4.400,0.0,2
hostile=0.0,-0.556,4.400,0.0,2
hostile=0.0,-0.553,4.400,0.0,2
hostile=0.0,-0.551,4.400,0.0,2
hostile=0.0,-0.549,4.400,0.0,2
hostile=0.0,-0.546,4.400,0.0,2
hostile=0.0,-0.544,4.400,0.0,2
hostile=0.0,-0.541,4.400,0.0,2
hostile=0.0,-0.539,4.400,0.0,2
hostile=0.0,-0.537,4.400,0.0,2
hostile=0.0,-0.534,4.400,0.0,2
hostile=0.0,-0.532,4.400,0.0,2
hostile=0.0,-0.529,4.400,0.0,2
hostile=0.0,-0.527,4.400,0.0,2
hostile=0.0,-0.525,4.400,0.0,2
hostile=0.0,-0.522,4.400,0.0,2
hostile=0.0,-0.520,4.400,0.0,2
hostile=0.0,-0.517,4.400,0.0,2
hostile=0.0,-0.515,4.400,0.0,2
hostile=0.0,-0.513,4.400,0.0,2
hostile=0.0,-0.510,4.400,0.0,2
hostile=0.0,-0.508,4.400,0.0,2
hostile=0.0,-0.505,4.400,0.0,2
hostile=0.0,-0.503,4.400,0.0,2
hostile=0.0,-0.501,4.400,0.0,2
hostile=0.0,-0.498,4.400,0.0,2
hostile=0.0,-0.496,4.400,0.0,2
hostile=0.0,-0.493,4.400,0.0,2
hostile=0.0,-0.491,4.400,0.0,2
hostile=0.0,-0.488,4.400,0.0,2
hostile=0.0,-0.486,4.400,0.0,2
hostile=0.0,-0.484,4.400,0.0,2
hostile=0.0,-0.481,4.400,0.0,2
hostile=0.0,-0.479,4.400,0.0,2
hostile=0.0,-0.476,4.400,0.0,2
hostile=0.0,-0.474,4.400,0.0,2
hostile=0.0,-0.472,4.400,0.0,2
hostile=0.0,-0.469,4.400,0.0,2
hostile=0.0,-0.467,4.400,0.0,2
hostile=0.0,-0.464,4.400,0.0,2
hostile=0.0,-0.462,4.400,0.0,2
hostile=0.0,-0.460,4.400,0.0,2
hostile=0.0,-0.457,4.400,0.0,2
hostile=0.0,-0.455,4.400,0.0,2
hostile=0.0,-0.452,4.400,0.0,2
hostile=0.0,-0.450,4.400,0.0,2
hostile=0.0,-0.448,4.400,0.0,2
hostile=0.0,-0.445,4.400,0.0,2
hostile=0.0,-0.443,4.400,0.0,2
hostile=0.0,-0.440,4.400,0.0,2
hostile=0.0,-0.438,4.400,0.0,2
hostile=0.0,-0.436,4.400,0.0,2
hostile=0.0,-0.433,4.400,0.0,2
hostile=0.0,-0.431,4.400,0.0,2
hostile=0.0,-0.428,4.400,0.0,2
hostile=0.0,-0.426,4.400,0.0,2
hostile=0.0,-0.424,4.400,0.0,2
hostile=0.0,-0.421,4.400,0.0,2
hostile=0.0,-0.419,4.400,0.0,2
hostile=0.0,-0.416,4.400,0.0,2
hostile=0.0,-0.414,4.400,0.0,2
hostile=0.0,-0.412,4.400,0.0,2
hostile=0.0,-0.409,4.400,0.0,2
hostile=0.0,-0.407,4.400,0.0,2
hostile=0.0,-0.404,4.400,0.0,2
hostile=0.0,-0.402,4.400,0.0,2
hostile=0.0,-0.400,4.400,0.0,2
hostile=0.0,-0.397,4.400,0.0,2
hostile=0.0,-0.395,4.400,0.0,2
hostile=0.0,-0.392,4.400,0.0,2
hostile=0.0,-0.390,4.400,0.0,2
hostile=0.0,-0.388,4.400,0.0,2
hostile=0.0,-0.385,4.400,0.0,2
hostile=0.0,-0.383,4.400,0.0,2
hostile=0.0,-0.380,4.400,0.0,2
hostile=0.0,-0.378,4.400,0.0,2
hostile=0.0,-0.376,4.400,0.0,2
hostile=0.0,-0.373,4.400,0.0,2
hostile=0.0,-0.371,4.400,0.0,2
hostile=0.0,-0.368,4.400,0.0,2
hostile=0.0,-0.366,4.400,0.0,2
hostile=0.0,-0.364,4.400,0.0,2
hostile=0.0,-0.361,4.400,0.0,2
hostile=0.0,-0.359,4.400,0.0,2
hostile=0.0,-0.356,4.400,0.0,2
hostile=0.0,-0.354,4.400,0.0,2
hostile=0.0,-0.352,4.400,0.0,2
hostile=0.0,-0.349,4.400,0.0,2
hostile=0.0,-0.347,4.400,0.0,2
hostile=0.0,-0.344,4.400,0.0,2
hostile=0.0,-0.342,4.400,0.0,2
hostile=0.0,-0.340,4.400,0.0,2
hostile=0.0,-0.337,4.400,0.0,2
hostile=0.0,-0.335,4.400,0.0,2
hostile=0.0,-0.332,4.400,0.0,2
hostile=0.0,-0.330,4.400,0.0,2
hostile=0.0,-0.328,4.400,0.0,2
hostile=0.0,-0.325,4.400,0.0,2
hostile=0.0,-0.323,4.400,0.0,2
hostile=0.0,-0.320,4.400,0.0,2
hostile=0.0,-0.318,4.400,0.0,2
hostile=0.0,-0.316,4.400,0.0,2
hostile=0.0,-0.313,4.400,0.0,2
hostile=0.0,-0.311,4.400,0.0,2
hostile=0.0,-0.308,4.400,0.0,2
hostile=0.0,-0.306,4.400,0.0,2
hostile=0.0,-0.304,4.400,0.0,2
hostile=0.0,-0.301,4.400,0.0,2
hostile=0.0,-0.299,4.400,0.0,2
hostile=0.0,-0.296,4.400,0.0,2
hostile=0.0,-0.294,4.400,0.0,2
hostile=0.0,-0.292,4.400,0.0,2
hostile=0.0,-0.289,4.400,0.0,2
hostile=0.0,-0.287,4.400,0.0,2
hostile=0.0,-0.284,4.400,0.0,2
hostile=0.0,-0.282,4.400,0.0,2
hostile=0.0,-0.280,4.400,0.0,2
hostile=0.0,-0.277,4.400,0.0,2
hostile=0.0,-0.275,4.400,0.0,2
hostile=0.0,-0.272,4.400,0.0,2
hostile=0.0,-0.270,4.400,0.0,2
hostile=0.0,-0.268,4.400,0.0,2
hostile=0.0,-0.265,4.400,0.0,2
hostile=0.0,-0.263,4.400,0.0,2
hostile=0.0,-0.260,4.400,0.0,2
hostile=0.0,-0.258,4.400,0.0,2
hostile=0.0,-0.256,4.400,0.0,2
hostile=0.0,-0.253,4.400,0.0,2
hostile=0.0,-0.251,4.400,0.0,2
hostile=0.0,-0.248,4.400,0.0,2
hostile=0.0,-0.246,4.400,0.0,2
hostile=0.0,-0.244,4.400,0.0,2
hostile=0.0,-0.241,4.400,0.0,2
hostile=0.0,-0.239,4.400,0.0,2
hostile=0.0,-0.236,4.400,0.0,2
hostile=0.0,-0.234,4.400,0.0,2
hostile=0.0,-0.232,4.400,0.0,2
hostile=0.0,-0.229,4.400,0.0,2
hostile=0.0,-0.227,4.400,0.0,2
hostile=0.0,-0.224,4.400,0.0,2
hostile=0.0,-0.222,4.400,0.0,2
hostile=0.0,-0.220,4.400,0.0,2
hostile=0.0,-0.217,4.400,0.0,2
hostile=0.0,-0.215,4.400,0.0,2
hostile=0.0,-0.212,4.400,0.0,2
hostile=0.0,-0.210,4.400,0.0,2
hostile=0.0,-0.208,4.400,0.0,2
hostile=0.0,-0.205,4.400,0.0,2
hostile=0.0,-0.203,4.400,0.0,2
hostile=0.0,-0.200,4.400,0.0,2
hostile=0.0,-0.198,4.400,0.0,2
hostile=0.0,-0.196,4.400,0.0,2
hostile=0.0,-0.193,4.400,0.0,2
hostile=0.0,-0.191,4.400,0.0,2
hostile=0.0,-0.188,4.400,0.0,2
hostile=0.0,-0.186,4.400,0.0,2
hostile=0.0,-0.184,4.400,0.0,2
hostile=0.0,-0.181,4.400,0.0,2
hostile=0.0,-0.179,4.400,0.0,2
hostile=0.0,-0.176,4.400,0.0,2
hostile=0.0,-0.174,4.400,0.0,2
hostile=0.0,-0.172,4.400,0.0,2
hostile=0.0,-0.169,4.400,0.0,2
hostile=0.0,-0.167,4.400,0.0,2
hostile=0.0,-0.164,4.400,0.0,2
hostile=0.0,-0.162,4.400,0.0,2
hostile=0.0,-0.160,4.400,0.0,2
hostile=0.0,-0.157,4.400,0.0,2
hostile=0.0,-0.155,4.400,0.0,2
hostile=0.0,-0.152,4.400,0.0,2
hostile=0.0,-0.150,4.400,0.0,2
hostile=0.0,-0.148,4.400,0.0,2
hostile=0.0,-0.145,4.400,0.0,2
hostile=0.0,-0.143,4.400,0.0,2
hostile=0.0,-0.140,4.400,0.0,2
hostile=0.0,-0.138,4.400,0.0,2
hostile=0.0,-0.136,4.400,0.0,2
hostile=0.0,-0.133,4.400,0.0,2
hostile=0.0,-0.131,4.400,0.0,2
hostile=0.0,-0.128,4.400,0.0,2
hostile=0.0,-0.126,4.400,0.0,2
hostile=0.0,-0.124,4.400,0.0,2
hostile=0.0,-0.121,4.400,0.0,2
hostile=0.0,-0.119,4.400,0.0,2
hostile=0.0,-0.116,4.400,0.0,2
hostile=0.0,-0.114,4.400,0.0,2
hostile=0.0,-0.112,4.400,0.0,2
hostile=0.0,-0.109,4.400,0.0,2
hostile=0.0,-0.107,4.400,0.0,2
hostile=0.0,-0.104,4.400,0.0,2
hostile=0.0,-0.102,4.400,0.0,2
hostile=0.0,-0.100,4.400,0.0,2
hostile=0.0,-0.097,4.400,0.0,2
hostile=0.0,-0.095,4.400,0.0,2
hostile=0.0,-0.092,4.400,0.0,2
hostile=0.0,-0.090,4.400,0.0,2
hostile=0.0,-0.088,4.400,0.0,2
hostile=0.0,-0.085,4.400,0.0,2
hostile=0.0,-0.083,4.400,0.0,2
hostile=0.0,-0.080,4.400,0.0,2
hostile=0.0,-0.078,4.400,0.0,2
hostile=0.0,-0.076,4.400,0.0,2
hostile=0.0,-0.073,4.400,0.0,2
hostile=0.0,-0.071,4.400,0.0,2
hostile=0.0,-0.068,4.400,0.0,2
hostile=0.0,-0.066,4.400,0.0,2
hostile=0.0,-0.064,4.400,0.0,2
hostile=0.0,-0.061,4.400,0.0,2
hostile=0.0,-0.059,4.400,0.0,2
hostile=0.0,-0.056,4.400,0.0,2
hostile=0.0,-0.054,4.400,0.0,2
hostile=0.0,-0.052,4.400,0.0,2
hostile=0.0,-0.049,4.400,0.0,2
hostile=0.0,-0.047,4.400,0.0,2
hostile=0.0,-0.044,4.400,0.0,2
hostile=0.0,-0.042,4.400,0.0,2
hostile=0.0,-0.040,4.400,0.0,2
hostile=0.0,-0.037,4.400,0.0,2
hostile=0.0,-0.035,4.400,0.0,2
hostile=0.0,-0.032,4.400,0.0,2
hostile=0.0,-0.030,4.400,0.0,2
hostile=0.0,-0.028,4.400,0.0,2
hostile=0.0,-0.025,4.400,0.0,2
hostile=0.0,-0.023,4.400,0.0,2
hostile=0.0,-0.020,4.400,0.0,2
hostile=0.0,-0.018,4.400,0.0,2
hostile=0.0,-0.016,4.400,0.0,2
hostile=0.0,-0.013,4.400,0.0,2
hostile=0.0,-0.011,4.400,0.0,2
hostile=0.0,-0.008,4.400,0.0,2
hostile=0.0,-0.006,4.400,0.0,2
hostile=0.0,-0.004,4.400,0.0,2
hostile=0.0,-0.001,4.400,0.0,2
hostile=0.0,0.001,4.400,0.0,2
hostile=0.0,0.004,4.400,0.0,2
hostile=0.0,0.006,4.400,0.0,2
hostile=0.0,0.008,4.400,0.0,2
hostile=0.0,0.011,4.400,0.0,2
hostile=0.0,0.013,4.400,0.0,2
hostile=0.0,0.016,4.400,0.0,2
hostile=0.0,0.018,4.400,0.0,2
hostile=0.0,0.020,4.400,0.0,2
hostile=0.0,0.023,4.400,0.0,2
hostile=0.0,0.025,4.400,0.0,2
hostile=0.0,0.028,4.400,0.0,2
hostile=0.0,0.030,4.400,0.0,2
hostile=0.0,0.032,4.400,0.0,2
hostile=0.0,0.035,4.400,0.0,2
hostile=0.0,0.037,4.400,0.0,2
hostile=0.0,0.040,4.400,0.0,2
hostile=0.0,0.042,4.400,0.0,2
hostile=0.0,0.044,4.400,0.0,2
hostile=0.0,0.047,4.400,0.0,2
hostile=0.0,0.049,4.400,0.0,2
hostile=0.0,0.052,4.400,0.0,2
hostile=0.0,0.054,4.400,0.0,2
hostile=0.0,0.056,4.400,0.0,2
hostile=0.0,0.059,4.400,0.0,2
hostile=0.0,0.061,4.400,0.0,2
hostile=0.0,0.064,4.400,0.0,2
hostile=0.0,0.066,4.400,0.0,2
hostile=0.0,0.068,4.400,0.0,2
hostile=0.0,0.071,4.400,0.0,2
hostile=0.0,0.073,4.400,0.0,2
hostile=0.0,0.076,4.400,0.0,2
hostile=0.0,0.078,4.400,0.0,2
hostile=0.0,0.080,4.400,0.0,2
hostile=0.0,0.083,4.400,0.0,2
hostile=0.0,0.085,4.400,0.0,2
hostile=0.0,0.088,4.400,0.0,2
hostile=0.0,0.090,4.400,0.0,2
hostile=0.0,0.092,4.400,0.0,2
hostile=0.0,0.095,4.400,0.0,2
hostile=0.0,0.097,4.400,0.0,2
hostile=0.0,0.100,4.400,0.0,2
hostile=0.0,0.102,4.400,0.0,2
hostile=0.0,0.104,4.400,0.0,2
hostile=0.0,0.107,4.400,0.0,2
hostile=0.0,0.109,4.400,0.0,2
hostile=0.0,0.112,4.400,0.0,2
hostile=0.0,0.114,4.400,0.0,2
hostile=0.0,0.116,4.400,0.0,2
hostile=0.0,0.119,4.400,0.0,2
hostile=0.0,0.121,4.400,0.0,2
hostile=0.0,0.124,4.400,0.0,2
hostile=0.0,0.126,4.400,0.0,2
hostile=0.0,0.128,4.400,0.0,2
hostile=0.0,0.131,4.400,0.0,2
hostile=0.0,0.133,4.400,0.0,2
hostile=0.0,0.136,4.400,0.0,2
hostile=0.0,0.138,4.400,0.0,2
hostile=0.0,0.140,4.400,0.0,2
hostile=0.0,0.143,4.400,0.0,2
hostile=0.0,0.145,4.400,0.0,2
hostile=0.0,0.148,4.400,0.0,2
hostile=0.0,0.150,4.400,0.0,2
hostile=0.0,0.152,4.400,0.0,2
hostile=0.0,0.155,4.400,0.0,2
hostile=0.0,0.157,4.400,0.0,2
hostile=0.0,0.160,4.400,0.0,2
hostile=0.0,0.162,4.400,0.0,2
hostile=0.0,0.164,4.400,0.0,2
hostile=0.0,0.167,4.400,0.0,2
hostile=0.0,0.169,4.400,0.0,2
hostile=0.0,0.172,4.400,0.0,2
hostile=0.0,0.174,4.400,0.0,2
hostile=0.0,0.176,4.400,0.0,2
hostile=0.0,0.179,4.400,0.0,2
hostile=0.0,0.181,4.400,0.0,2
hostile=0.0,0.184,4.400,0.0,2
hostile=0.0,0.186,4.400,0.0,2
hostile=0.0,0.188,4.400,0.0,2
hostile=0.0,0.191,4.400,0.0,2
hostile=0.0,0.193,4.400,0.0,2
hostile=0.0,0.196,4.400,0.0,2
hostile=0.0,0.198,4.400,0.0,2
hostile=0.0,0.200,4.400,0.0,2
hostile=0.0,0.203,4.400,0.0,2
hostile=0.0,0.205,4.400,0.0,2
hostile=0.0,0.208,4.400,0.0,2
hostile=0.0,0.210,4.400,0.0,2
hostile=0.0,0.212,4.400,0.0,2
hostile=0.0,0.215,4.400,0.0,2
hostile=0.0,0.217,4.400,0.0,2
hostile=0.0,0.220,4.400,0.0,2
hostile=0.0,0.222,4.400,0.0,2
hostile=0.0,0.224,4.400,0.0,2
hostile=0.0,0.227,4.400,0.0,2
hostile=0.0,0.229,4.400,0.0,2
hostile=0.0,0.232,4.400,0.0,2
hostile=0.0,0.234,4.400,0.0,2
hostile=0.0,0.236,4.400,0.0,2
hostile=0.0,0.239,4.400,0.0,2
hostile=0.0,0.241,4.400,0.0,2
hostile=0.0,0.244,4.400,0.0,2
hostile=0.0,0.246,4.400,0.0,2
hostile=0.0,0.248,4.400,0.0,2
hostile=0.0,0.251,4.400,0.0,2
hostile=0.0,0.253,4.400,0.0,2
hostile=0.0,0.256,4.400,0.0,2
hostile=0.0,0.258,4.400,0.0,2
hostile=0.0,0.260,4.400,0.0,2
hostile=0.0,0.263,4.400,0.0,2
hostile=0.0,0.265,4.400,0.0,2
hostile=0.0,0.268,4.400,0.0,2
hostile=0.0,0.270,4.400,0.0,2
hostile=0.0,0.272,4.400,0.0,2
hostile=0.0,0.275,4.400,0.0,2
hostile=0.0,0.277,4.400,0.0,2
hostile=0.0,0.280,4.400,0.0,2
hostile=0.0,0.282,4.400,0.0,2
hostile=0.0,0.284,4.400,0.0,2
hostile=0.0,0.287,4.400,0.0,2
hostile=0.0,0.289,4.400,0.0,2
hostile=0.0,0.292,4.400,0.0,2
hostile=0.0,0.294,4.400,0.0,2
hostile=0.0,0.296,4.400,0.0,2
hostile=0.0,0.299,4.400,0.0,2
hostile=0.0,0.301,4.400,0.0,2
hostile=0.0,0.304,4.400,0.0,2
hostile=0.0,0.306,4.400,0.0,2
hostile=0.0,0.308,4.400,0.0,2
hostile=0.0,0.311,4.400,0.0,2
hostile=0.0,0.313,4.400,0.0,2
hostile=0.0,0.316,4.400,0.0,2
hostile=0.0,0.318,4.400,0.0,2
hostile=0.0,0.320,4.400,0.0,2
hostile=0.0,0.323,4.400,0.0,2
hostile=0.0,0.325,4.400,0.0,2
hostile=0.0,0.328,4.400,0.0,2
hostile=0.0,0.330,4.400,0.0,2
hostile=0.0,0.332,4.400,0.0,2
hostile=0.0,0.335,4.400,0.0,2
hostile=0.0,0.337,4.400,0.0,2
hostile=0.0,0.340,4.400,0.0,2
hostile=0.0,0.342,4.400,0.0,2
hostile=0.0,0.344,4.400,0.0,2
hostile=0.0,0.347,4.400,0.0,2
hostile=0.0,0.349,4.400,0.0,2
hostile=0.0,0.352,4.400,0.0,2
hostile=0.0,0.354,4.400,0.0,2
hostile=0.0,0.356,4.400,0.0,2
hostile=0.0,0.359,4.400,0.0,2
hostile=0.0,0.361,4.400,0.0,2
hostile=0.0,0.364,4.400,0.0,2
hostile=0.0,0.366,4.400,0.0,2
hostile=0.0,0.368,4.400,0.0,2
hostile=0.0,0.371,4.400,0.0,2
hostile=0.0,0.373,4.400,0.0,2
hostile=0.0,0.376,4.400,0.0,2
hostile=0.0,0.378,4.400,0.0,2
hostile=0.0,0.380,4.400,0.0,2
hostile=0.0,0.383,4.400,0.0,2
hostile=0.0,0.385,4.400,0.0,2
hostile=0.0,0.388,4.400,0.0,2
hostile=0.0,0.390,4.400,0.0,2
hostile=0.0,0.392,4.400,0.0,2
hostile=0.0,0.395,4.400,0.0,2
hostile=0.0,0.397,4.400,0.0,2
hostile=0.0,0.400,4.400,0.0,2
hostile=0.0,0.402,4.400,0.0,2
hostile=0.0,0.404,4.400,0.0,2
hostile=0.0,0.407,4.400,0.0,2
hostile=0.0,0.409,4.400,0.0,2
hostile=0.0,0.412,4.400,0.0,2
hostile=0.0,0.414,4.400,0.0,2
hostile=0.0,0.416,4.400,0.0,2
hostile=0.0,0.419,4.400,0.0,2
hostile=0.0,0.421,4.400,0.0,2
hostile=0.0,0.424,4.400,0.0,2
hostile=0.0,0.426,4.400,0.0,2
hostile=0.0,0.428,4.400,0.0,2
hostile=0.0,0.431,4.400,0.0,2
hostile=0.0,0.433,4.400,0.0,2
hostile=0.0,0.436,4.400,0.0,2
hostile=0.0,0.438,4.400,0.0,2
hostile=0.0,0.440,4.400,0.0,2
hostile=0.0,0.443,4.400,0.0,2
hostile=0.0,0.445,4.400,0.0,2
hostile=0.0,0.448,4.400,0.0,2
hostile=0.0,0.450,4.400,0.0,2
hostile=0.0,0.452,4.400,0.0,2
hostile=0.0,0.455,4.400,0.0,2
hostile=0.0,0.457,4.400,0.0,2
hostile=0.0,0.460,4.400,0.0,2
hostile=0.0,0.462,4.400,0.0,2
hostile=0.0,0.464,4.400,0.0,2
hostile=0.0,0.467,4.400,0.0,2
hostile=0.0,0.469,4.400,0.0,2
hostile=0.0,0.472,4.400,0.0,2
hostile=0.0,0.474,4.400,0.0,2
hostile=0.0,0.476,4.400,0.0,2
hostile=0.0,0.479,4.400,0.0,2
hostile=0.0,0.481,4.400,0.0,2
hostile=0.0,0.484,4.400,0.0,2
hostile=0.0,0.486,4.400,0.0,2
hostile=0.0,0.488,4.400,0.0,2
hostile=0.0,0.491,4.400,0.0,2
hostile=0.0,0.493,4.400,0.0,2
hostile=0.0,0.496,4.400,0.0,2
hostile=0.0,0.498,4.400,0.0,2
hostile=0.0,0.501,4.400,0.0,2
hostile=0.0,0.503,4.400,0.0,2
hostile=0.0,0.505,4.400,0.0,2
hostile=0.0,0.508,4.400,0.0,2
hostile=0.0,0.510,4.400,0.0,2
hostile=0.0,0.513,4.400,0.0,2
hostile=0.0,0.515,4.400,0.0,2
hostile=0.0,0.517,4.400,0.0,2
hostile=0.0,0.520,4.400,0.0,2
hostile=0.0,0.522,4.400,0.0,2
hostile=0.0,0.525,4.400,0.0,2
hostile=0.0,0.527,4.400,0.0,2
hostile=0.0,0.529,4.400,0.0,2
hostile=0.0,0.532,4.400,0.0,2
hostile=0.0,0.534,4.400,0.0,2
hostile=0.0,0.537,4.400,0.0,2
hostile=0.0,0.539,4.400,0.0,2
hostile=0.0,0.541,4.400,0.0,2
hostile=0.0,0.544,4.400,0.0,2
hostile=0.0,0.546,4.400,0.0,2
hostile=0.0,0.549,4.400,0.0,2
hostile=0.0,0.551,4.400,0.0,2
hostile=0.0,0.553,4.400,0.0,2
hostile=0.0,0.556,4.400,0.0,2
hostile=0.0,0.558,4.400,0.0,2
hostile=0.0,0.561,4.400,0.0,2
hostile=0.0,0.563,4.400,0.0,2
hostile=0.0,0.565,4.400,0.0,2
hostile=0.0,0.568,4.400,0.0,2
hostile=0.0,0.570,4.400,0.0,2
hostile=0.0,0.573,4.400,0.0,2
hostile=0.0,0.575,4.400,0.0,2
hostile=0.0,0.577,4.400,0.0,2
hostile=0.0,0.580,4.400,0.0,2
hostile=0.0,0.582,4.400,0.0,2
hostile=0.0,0.585,4.400,0.0,2
hostile=0.0,0.587,4.400,0.0,2
hostile=0.0,0.589,4.400,0.0,2
hostile=0.0,0.592,4.400,0.0,2
hostile=0.0,0.594,4.400,0.0,2
hostile=0.0,0.597,4.400,0.0,2
hostile=0.0,0.599,4.400,0.0,2
hostile=0.0,0.601,4.400,0.0,2
hostile=0.0,0.604,4.400,0.0,2
hostile=0.0,0.606,4.400,0.0,2
hostile=0.0,0.609,4.400,0.0,2
hostile=0.0,0.611,4.400,0.0,2
hostile=0.0,0.613,4.400,0.0,2
hostile=0.0,0.616,4.400,0.0,2
hostile=0.0,0.618,4.400,0.0,2
hostile=0.0,0.621,4.400,0.0,2
hostile=0.0,0.623,4.400,0.0,2
hostile=0.0,0.625,4.400,0.0,2
hostile=0.0,0.628,4.400,0.0,2
hostile=0.0,0.630,4.400,0.0,2
hostile=0.0,0.633,4.400,0.0,2
hostile=0.0,0.635,4.400,0.0,2
hostile=0.0,0.637,4.400,0.0,2
hostile=0.0,0.640,4.400,0.0,2
hostile=0.0,0.642,4.400,0.0,2
hostile=0.0,0.645,4.400,0.0,2
hostile=0.0,0.647,4.400,0.0,2
hostile=0.0,0.649,4.400,0.0,2
hostile=0.0,0.652,4.400,0.0,2
hostile=0.0,0.654,4.400,0.0,2
hostile=0.0,0.657,4.400,0.0,2
hostile=0.0,0.659,4.400,0.0,2
hostile=0.0,0.661,4.400,0.0,2
hostile=0.0,0.664,4.400,0.0,2
hostile=0.0,0.666,4.400,0.0,2
hostile=0.0,0.669,4.400,0.0,2
hostile=0.0,0.671,4.400,0.0,2
hostile=0.0,0.673,4.400,0.0,2
hostile=0.0,0.676,4.400,0.0,2
hostile=0.0,0.678,4.400,0.0,2
hostile=0.0,0.681,4.400,0.0,2
hostile=0.0,0.683,4.400,0.0,2
hostile=0.0,0.685,4.400,0.0,2
hostile=0.0,0.688,4.400,0.0,2
hostile=0.0,0.690,4.400,0.0,2
hostile=0.0,0.693,4.400,0.0,2
hostile=0.0,0.695,4.400,0.0,2
hostile=0.0,0.697,4.400,0.0,2
hostile=0.0,0.700,4.400,0.0,2
hostile=0.0,0.702,4.400,0.0,2
hostile=0.0,0.705,4.400,0.0,2
hostile=0.0,0.707,4.400,0.0,2
hostile=0.0,0.709,4.400,0.0,2
hostile=0.0,0.712,4.400,0.0,2
hostile=0.0,0.714,4.400,0.0,2
hostile=0.0,0.717,4.400,0.0,2
hostile=0.0,0.719,4.400,0.0,2
hostile=0.0,0.721,4.400,0.0,2
hostile=0.0,0.724,4.400,0.0,2
hostile=0.0,0.726,4.400,0.0,2
hostile=0.0,0.729,4.400,0.0,2
hostile=0.0,0.731,4.400,0.0,2
hostile=0.0,0.733,4.400,0.0,2
hostile=0.0,0.736,4.400,0.0,2
hostile=0.0,0.738,4.400,0.0,2
hostile=0.0,0.741,4.400,0.0,2
hostile=0.0,0.743,4.400,0.0,2
hostile=0.0,0.745,4.400,0.0,2
hostile=0.0,0.748,4.400,0.0,2
hostile=0.0,0.750,4.400,0.0,2
hostile=0.0,0.753,4.400,0.0,2
hostile=0.0,0.755,4.400,0.0,2
hostile=0.0,0.757,4.400,0.0,2
hostile=0.0,0.760,4.400,0.0,2
hostile=0.0,0.762,4.400,0.0,2
hostile=0.0,0.765,4.400,0.0,2
hostile=0.0,0.767,4.400,0.0,2
hostile=0.0,0.769,4.400,0.0,2
hostile=0.0,0.772,4.400,0.0,2
hostile=0.0,0.774,4.400,0.0,2
hostile=0.0,0.777,4.400,0.0,2
hostile=0.0,0.779,4.400,0.0,2
hostile=0.0,0.781,4.400,0.0,2
hostile=0.0,0.784,4.400,0.0,2
hostile=0.0,0.786,4.400,0.0,2
hostile=0.0,0.789,4.400,0.0,2
hostile=0.0,0.791,4.400,0.0,2
hostile=0.0,0.793,4.400,0.0,2
hostile=0.0,0.796,4.400,0.0,2
hostile=0.0,0.798,4.400,0.0,2
hostile=0.0,0.801,4.400,0.0,2
hostile=0.0,0.803,4.400,0.0,2
hostile=0.0,0.805,4.400,0.0,2
hostile=0.0,0.808,4.400,0.0,2
hostile=0.0,0.810,4.400,0.0,2
hostile=0.0,0.813,4.400,0.0,2
hostile=0.0,0.815,4.400,0.0,2
hostile=0.0,0.817,4.400,0.0,2
hostile=0.0,0.820,4.400,0.0,2
hostile=0.0,0.822,4.400,0.0,2
hostile=0.0,0.825,4.400,0.0,2
hostile=0.0,0.827,4.400,0.0,2
hostile=0.0,0.829,4.400,0.0,2
hostile=0.0,0.832,4.400,0.0,2
hostile=0.0,0.834,4.400,0.0,2
hostile=0.0,0.837,4.400,0.0,2
hostile=0.0,0.839,4.400,0.0,2
hostile=0.0,0.841,4.400,0.0,2
hostile=0.0,0.844,4.400,0.0,2
hostile=0.0,0.846,4.400,0.0,2
hostile=0.0,0.849,4.400,0.0,2
hostile=0.0,0.851,4.400,0.0,2
hostile=0.0,0.853,4.400,0.0,2
hostile=0.0,0.856,4.400,0.0,2
hostile=0.0,0.858,4.400,0.0,2
hostile=0.0,0.861,4.400,0.0,2
hostile=0.0,0.863,4.400,0.0,2
hostile=0.0,0.865,4.400,0.0,2
hostile=0.0,0.868,4.400,0.0,2
hostile=0.0,0.870,4.400,0.0,2
hostile=0.0,0.873,4.400,0.0,2
hostile=0.0,0.875,4.400,0.0,2
hostile=0.0,0.877,4.400,0.0,2
hostile=0.0,0.880,4.400,0.0,2
hostile=0.0,0.882,4.400,0.0,2
hostile=0.0,0.885,4.400,0.0,2
hostile=0.0,0.887,4.400,0.0,2
hostile=0.0,0.889,4.400,0.0,2
hostile=0.0,0.892,4.400,0.0,2
hostile=0.0,0.894,4.400,0.0,2
hostile=0.0,0.897,4.400,0.0,2
hostile=0.0,0.899,4.400,0.0,2
hostile=0.0,0.901,4.400,0.0,2
hostile=0.0,0.904,4.400,0.0,2
hostile=0.0,0.906,4.400,0.0,2
hostile=0.0,0.909,4.400,0.0,2
hostile=0.0,0.911,4.400,0.0,2
hostile=0.0,0.913,4.400,0.0,2
hostile=0.0,0.916,4.400,0.0,2
hostile=0.0,0.918,4.400,0.0,2
hostile=0.0,0.921,4.400,0.0,2
hostile=0.0,0.923,4.400,0.0,2
hostile=0.0,0.925,4.400,0.0,2
hostile=0.0,0.928,4.400,0.0,2
hostile=0.0,0.930,4.400,0.0,2
hostile=0.0,0.933,4.400,0.0,2
hostile=0.0,0.935,4.400,0.0,2
hostile=0.0,0.937,4.400,0.0,2
hostile=0.0,0.940,4.400,0.0,2
hostile=0.0,0.942,4.400,0.0,2
hostile=0.0,0.945,4.400,0.0,2
hostile=0.0,0.947,4.400,0.0,2
hostile=0.0,0.949,4.400,0.0,2
hostile=0.0,0.952,4.400,0.0,2
hostile=0.0,0.954,4.400,0.0,2
hostile=0.0,0.957,4.400,0.0,2
hostile=0.0,0.959,4.400,0.0,2
hostile=0.0,0.961,4.400,0.0,2
hostile=0.0,0.964,4.400,0.0,2
hostile=0.0,0.966,4.400,0.0,2
hostile=0.0,0.969,4.400,0.0,2
hostile=0.0,0.971,4.400,0.0,2
hostile=0.0,0.973,4.400,0.0,2
hostile=0.0,0.976,4.400,0.0,2
hostile=0.0,0.978,4.400,0.0,2
hostile=0.0,0.981,4.400,0.0,2
hostile=0.0,0.983,4.400,0.0,2
hostile=0.0,0.985,4.400,0.0,2
hostile=0.0,0.988,4.400,0.0,2
hostile=0.0,0.990,4.400,0.0,2
hostile=0.0,0.993,4.400,0.0,2
hostile=0.0,0.995,4.400,0.0,2
hostile=0.0,0.997,4.400,0.0,2
hostile=0.0,1.000,4.400,0.0,2
hostile=0.0,1.002,4.400,0.0,2
hostile=0.0,1.005,4.400,0.0,2
hostile=0.0,1.007,4.400,0.0,2
hostile=0.0,1.009,4.400,0.0,2
hostile=0.0,1.012,4.400,0.0,2
hostile=0.0,1.014,4.400,0.0,2
hostile=0.0,1.017,4.400,0.0,2
hostile=0.0,1.019,4.400,0.0,2
hostile=0.0,1.021,4.400,0.0,2
hostile=0.0,1.024,4.400,0.0,2
hostile=0.0,1.026,4.400,0.0,2
hostile=0.0,1.029,4.400,0.0,2
hostile=0.0,1.031,4.400,0.0,2
hostile=0.0,1.033,4.400,0.0,2
hostile=0.0,1.036,4.400,0.0,2
hostile=0.0,1.038,4.400,0.0,2
hostile=0.0,1.041,4.400,0.0,2
hostile=0.0,1.043,4.400,0.0,2
hostile=0.0,1.045,4.400,0.0,2
hostile=0.0,1.048,4.400,0.0,2
hostile=0.0,1.050,4.400,0.0,2
hostile=0.0,1.053,4.400,0.0,2
hostile=0.0,1.055,4.400,0.0,2
hostile=0.0,1.057,4.400,0.0,2
hostile=0.0,1.060,4.400,0.0,2
hostile=0.0,1.062,4.400,0.0,2
hostile=0.0,1.065,4.400,0.0,2
hostile=0.0,1.067,4.400,0.0,2
hostile=0.0,1.069,4.400,0.0,2
hostile=0.0,1.072,4.400,0.0,2
hostile=0.0,1.074,4.400,0.0,2
hostile=0.0,1.077,4.400,0.0,2
hostile=0.0,1.079,4.400,0.0,2
hostile=0.0,1.081,4.400,0.0,2
hostile=0.0,1.084,4.400,0.0,2
hostile=0.0,1.086,4.400,0.0,2
hostile=0.0,1.089,4.400,0.0,2
hostile=0.0,1.091,4.400,0.0,2
hostile=0.0,1.093,4.400,0.0,2
hostile=0.0,1.096,4.400,0.0,2
hostile=0.0,1.098,4.400,0.0,2
hostile=0.0,1.101,4.400,0.0,2
hostile=0.0,1.103,4.400,0.0,2
hostile=0.0,1.105,4.400,0.0,2
hostile=0.0,1.108,4.400,0.0,2
hostile=0.0,1.110,4.400,0.0,2
hostile=0.0,1.113,4.400,0.0,2
hostile=0.0,1.115,4.400,0.0,2
hostile=0.0,1.117,4.400,0.0,2
hostile=0.0,1.120,4.400,0.0,2
hostile=0.0,1.122,4.400,0.0,2
hostile=0.0,1.125,4.400,0.0,2
hostile=0.0,1.127,4.400,0.0,2
hostile=0.0,1.129,4.400,0.0,2
hostile=0.0,1.132,4.400,0.0,2
hostile=0.0,1.134,4.400,0.0,2
hostile=0.0,1.137,4.400,0.0,2
hostile=0.0,1.139,4.400,0.0,2
hostile=0.0,1.141,4.400,0.0,2
hostile=0.0,1.144,4.400,0.0,2
hostile=0.0,1.146,4.400,0.0,2
hostile=0.0,1.149,4.400,0.0,2
hostile=0.0,1.151,4.400,0.0,2
hostile=0.0,1.153,4.400,0.0,2
hostile=0.0,1.156,4.400,0.0,2
hostile=0.0,1.158,4.400,0.0,2
hostile=0.0,1.161,4.400,0.0,2
hostile=0.0,1.163,4.400,0.0,2
hostile=0.0,1.165,4.400,0.0,2
hostile=0.0,1.168,4.400,0.0,2
hostile=0.0,1.170,4.400,0.0,2
hostile=0.0,1.173,4.400,0.0,2
hostile=0.0,1.175,4.400,0.0,2
hostile=0.0,1.177,4.400,0.0,2
hostile=0.0,1.180,4.400,0.0,2
hostile=0.0,1.182,4.400,0.0,2
hostile=0.0,1.185,4.400,0.0,2
hostile=0.0,1.187,4.400,0.0,2
hostile=0.0,1.189,4.400,0.0,2
hostile=0.0,1.192,4.400,0.0,2
hostile=0.0,1.194,4.400,0.0,2
hostile=0.0,1.197,4.400,0.0,2
hostile=0.0,1.199,4.400,0.0,2
hostile=0.0,1.201,4.400,0.0,2
hostile=0.0,1.204,4.400,0.0,2
hostile=0.0,1.206,4.400,0.0,2
hostile=0.0,1.209,4.400,0.0,2
hostile=0.0,1.211,4.400,0.0,2
hostile=0.0,1.213,4.400,0.0,2
hostile=0.0,1.216,4.400,0.0,2
hostile=0.0,1.218,4.400,0.0,2
hostile=0.0,1.221,4.400,0.0,2
hostile=0.0,1.223,4.400,0.0,2
hostile=0.0,1.225,4.400,0.0,2
hostile=0.0,1.228,4.400,0.0,2
hostile=0.0,1.230,4.400,0.0,2
hostile=0.0,1.233,4.400,0.0,2
hostile=0.0,1.235,4.400,0.0,2
hostile=0.0,1.237,4.400,0.0,2
hostile=0.0,1.240,4.400,0.0,2
hostile=0.0,1.242,4.400,0.0,2
hostile=0.0,1.245,4.400,0.0,2
hostile=0.0,1.247,4.400,0.0,2
hostile=0.0,1.249,4.400,0.0,2
hostile=0.0,1.252,4.400,0.0,2
hostile=0.0,1.254,4.400,0.0,2
hostile=0.0,1.257,4.400,0.0,2
hostile=0.0,1.259,4.400,0.0,2
hostile=0.0,1.261,4.400,0.0,2
hostile=0.0,1.264,4.400,0.0,2
hostile=0.0,1.266,4.400,0.0,2
hostile=0.0,1.269,4.400,0.0,2
hostile=0.0,1.271,4.400,0.0,2
hostile=0.0,1.273,4.400,0.0,2
hostile=0.0,1.276,4.400,0.0,2
hostile=0.0,1.278,4.400,0.0,2
hostile=0.0,1.281,4.400,0.0,2
hostile=0.0,1.283,4.400,0.0,2
hostile=0.0,1.285,4.400,0.0,2
hostile=0.0,1.288,4.400,0.0,2
hostile=0.0,1.290,4.400,0.0,2
hostile=0.0,1.293,4.400,0.0,2
hostile=0.0,1.295,4.400,0.0,2
hostile=0.0,1.297,4.400,0.0,2
hostile=0.0,1.300,4.400,0.0,2
hostile=0.0,1.302,4.400,0.0,2
hostile=0.0,1.305,4.400,0.0,2
hostile=0.0,1.307,4.400,0.0,2
hostile=0.0,1.309,4.400,0.0,2
hostile=0.0,1.312,4.400,0.0,2
hostile=0.0,1.314,4.400,0.0,2
hostile=0.0,1.317,4.400,0.0,2
hostile=0.0,1.319,4.400,0.0,2
hostile=0.0,1.321,4.400,0.0,2
hostile=0.0,1.324,4.400,0.0,2
hostile=0.0,1.326,4.400,0.0,2
hostile=0.0,1.329,4.400,0.0,2
hostile=0.0,1.331,4.400,0.0,2
hostile=0.0,1.333,4.400,0.0,2
hostile=0.0,1.336,4.400,0.0,2
hostile=0.0,1.338,4.400,0.0,2
hostile=0.0,1.341,4.400,0.0,2
hostile=0.0,1.343,4.400,0.0,2
hostile=0.0,1.345,4.400,0.0,2
hostile=0.0,1.348,4.400,0.0,2
hostile=0.0,1.350,4.400,0.0,2
hostile=0.0,1.353,4.400,0.0,2
hostile=0.0,1.355,4.400,0.0,2
hostile=0.0,1.357,4.400,0.0,2
hostile=0.0,1.360,4.400,0.0,2
hostile=0.0,1.362,4.400,0.0,2
hostile=0.0,1.365,4.400,0.0,2
hostile=0.0,1.367,4.400,0.0,2
hostile=0.0,1.369,4.400,0.0,2
hostile=0.0,1.372,4.400,0.0,2
hostile=0.0,1.374,4.400,0.0,2
hostile=0.0,1.377,4.400,0.0,2
hostile=0.0,1.379,4.400,0.0,2
hostile=0.0,1.381,4.400,0.0,2
hostile=0.0,1.384,4.400,0.0,2
hostile=0.0,1.386,4.400,0.0,2
hostile=0.0,1.389,4.400,0.0,2
hostile=0.0,1.391,4.400,0.0,2
hostile=0.0,1.393,4.400,0.0,2
hostile=0.0,1.396,4.400,0.0,2
hostile=0.0,1.398,4.400,0.0,2
hostile=0.0,1.401,4.400,0.0,2
hostile=0.0,1.403,4.400,0.0,2
hostile=0.0,1.405,4.400,0.0,2
hostile=0.0,1.408,4.400,0.0,2
hostile=0.0,1.410,4.400,0.0,2
hostile=0.0,1.413,4.400,0.0,2
hostile=0.0,1.415,4.400,0.0,2
hostile=0.0,1.417,4.400,0.0,2
hostile=0.0,1.420,4.400,0.0,2
hostile=0.0,1.422,4.400,0.0,2
hostile=0.0,1.425,4.400,0.0,2
hostile=0.0,1.427,4.400,0.0,2
hostile=0.0,1.429,4.400,0.0,2
hostile=0.0,1.432,4.400,0.0,2
hostile=0.0,1.434,4.400,0.0,2
hostile=0.0,1.437,4.400,0.0,2
hostile=0.0,1.439,4.400,0.0,2
hostile=0.0,1.441,4.400,0.0,2
hostile=0.0,1.444,4.400,0.0,2
hostile=0.0,1.446,4.400,0.0,2
hostile=0.0,1.449,4.400,0.0,2
hostile=0.0,1.451,4.400,0.0,2
hostile=0.0,1.453,4.400,0.0,2
hostile=0.0,1.456,4.400,0.0,2
hostile=0.0,1.458,4.400,0.0,2
hostile=0.0,1.461,4.400,0.0,2
hostile=0.0,1.463,4.400,0.0,2
hostile=0.0,1.465,4.400,0.0,2
hostile=0.0,1.468,4.400,0.0,2
hostile=0.0,1.470,4.400,0.0,2
hostile=0.0,1.473,4.400,0.0,2
hostile=0.0,1.475,4.400,0.0,2
hostile=0.0,1.477,4.400,0.0,2
hostile=0.0,1.480,4.400,0.0,2
hostile=0.0,1.482,4.400,0.0,2
hostile=0.0,1.485,4.400,0.0,2
hostile=0.0,1.487,4.400,0.0,2
hostile=0.0,1.489,4.400,0.0,2
hostile=0.0,1.492,4.400,0.0,2
hostile=0.0,1.494,4.400,0.0,2
hostile=0.0,1.497,4.400,0.0,2
hostile=0.0,1.499,4.400,0.0,2
hostile=0.0,1.502,4.400,0.0,2
hostile=0.0,1.504,4.400,0.0,2
hostile=0.0,1.506,4.400,0.0,2
hostile=0.0,1.509,4.400,0.0,2
hostile=0.0,1.511,4.400,0.0,2
hostile=0.0,1.514,4.400,0.0,2
hostile=0.0,1.516,4.400,0.0,2
hostile=0.0,1.518,4.400,0.0,2
hostile=0.0,1.521,4.400,0.0,2
hostile=0.0,1.523,4.400,0.0,2
hostile=0.0,1.526,4.400,0.0,2
hostile=0.0,1.528,4.400,0.0,2
hostile=0.0,1.530,4.400,0.0,2
hostile=0.0,1.533,4.400,0.0,2
hostile=0.0,1.535,4.400,0.0,2
hostile=0.0,1.538,4.400,0.0,2
hostile=0.0,1.540,4.400,0.0,2
hostile=0.0,1.542,4.400,0.0,2
hostile=0.0,1.545,4.400,0.0,2
hostile=0.0,1.547,4.400,0.0,2
hostile=0.0,1.550,4.400,0.0,2
hostile=0.0,1.552,4.400,0.0,2
hostile=0.0,1.554,4.400,0.0,2
hostile=0.0,1.557,4.400,0.0,2
hostile=0.0,1.559,4.400,0.0,2
hostile=0.0,1.562,4.400,0.0,2
hostile=0.0,1.564,4.400,0.0,2
hostile=0.0,1.566,4.400,0.0,2
hostile=0.0,1.569,4.400,0.0,2
hostile=0.0,1.571,4.400,0.0,2
hostile=0.0,1.574,4.400,0.0,2
hostile=0.0,1.576,4.400,0.0,2
hostile=0.0,1.578,4.400,0.0,2
hostile=0.0,1.581,4.400,0.0,2
hostile=0.0,1.583,4.400,0.0,2
hostile=0.0,1.586,4.400,0.0,2
hostile=0.0,1.588,4.400,0.0,2
hostile=0.0,1.590,4.400,0.0,2
hostile=0.0,1.593,4.400,0.0,2
hostile=0.0,1.595,4.400,0.0,2
hostile=0.0,1.598,4.400,0.0,2
hostile=0.0,1.600,4.400,0.0,2
hostile=0.0,1.602,4.400,0.0,2
hostile=0.0,1.605,4.400,0.0,2
hostile=0.0,1.607,4.400,0.0,2
hostile=0.0,1.610,4.400,0.0,2
hostile=0.0,1.612,4.400,0.0,2
hostile=0.0,1.614,4.400,0.0,2
hostile=0.0,1.617,4.400,0.0,2
hostile=0.0,1.619,4.400,0.0,2
hostile=0.0,1.622,4.400,0.0,2
hostile=0.0,1.624,4.400,0.0,2
hostile=0.0,1.626,4.400,0.0,2
hostile=0.0,1.629,4.400,0.0,2
hostile=0.0,1.631,4.400,0.0,2
hostile=0.0,1.634,4.400,0.0,2
hostile=0.0,1.636,4.400,0.0,2
hostile=0.0,1.638,4.400,0.0,2
hostile=0.0,1.641,4.400,0.0,2
hostile=0.0,1.643,4.400,0.0,2
hostile=0.0,1.646,4.400,0.0,2
hostile=0.0,1.648,4.400,0.0,2
hostile=0.0,1.650,4.400,0.0,2
hostile=0.0,1.653,4.400,0.0,2
hostile=0.0,1.655,4.400,0.0,2
hostile=0.0,1.658,4.400,0.0,2
hostile=0.0,1.660,4.400,0.0,2
hostile=0.0,1.662,4.400,0.0,2
hostile=0.0,1.665,4.400,0.0,2
hostile=0.0,1.667,4.400,0.0,2
hostile=0.0,1.670,4.400,0.0,2
hostile=0.0,1.672,4.400,0.0,2
hostile=0.0,1.674,4.400,0.0,2
hostile=0.0,1.677,4.400,0.0,2
hostile=0.0,1.679,4.400,0.0,2
hostile=0.0,1.682,4.400,0.0,2
hostile=0.0,1.684,4.400,0.0,2
hostile=0.0,1.686,4.400,0.0,2
hostile=0.0,1.689,4.400,0.0,2
hostile=0.0,1.691,4.400,0.0,2
hostile=0.0,1.694,4.400,0.0,2
hostile=0.0,1.696,4.400,0.0,2
hostile=0.0,1.698,4.400,0.0,2
hostile=0.0,1.701,4.400,0.0,2
hostile=0.0,1.703,4.400,0.0,2
hostile=0.0,1.706,4.400,0.0,2
hostile=0.0,1.708,4.400,0.0,2
hostile=0.0,1.710,4.400,0.0,2
hostile=0.0,1.713,4.400,0.0,2
hostile=0.0,1.715,4.400,0.0,2
hostile=0.0,1.718,4.400,0.0,2
hostile=0.0,1.720,4.400,0.0,2
hostile=0.0,1.722,4.400,0.0,2
hostile=0.0,1.725,4.400,0.0,2
hostile=0.0,1.727,4.400,0.0,2
hostile=0.0,1.730,4.400,0.0,2
hostile=0.0,1.732,4.400,0.0,2
hostile=0.0,1.734,4.400,0.0,2
hostile=0.0,1.737,4.400,0.0,2
hostile=0.0,1.739,4.400,0.0,2
hostile=0.0,1.742,4.400,0.0,2
hostile=0.0,1.744,4.400,0.0,2
hostile=0.0,1.746,4.400,0.0,2
hostile=0.0,1.749,4.400,0.0,2
hostile=0.0,1.751,4.400,0.0,2
hostile=0.0,1.754,4.400,0.0,2
hostile=0.0,1.756,4.400,0.0,2
hostile=0.0,1.758,4.400,0.0,2
hostile=0.0,1.761,4.400,0.0,2
hostile=0.0,1.763,4.400,0.0,2
hostile=0.0,1.766,4.400,0.0,2
hostile=0.0,1.768,4.400,0.0,2
hostile=0.0,1.770,4.400,0.0,2
hostile=0.0,1.773,4.400,0.0,2
hostile=0.0,1.775,4.400,0.0,2
hostile=0.0,1.778,4.400,0.0,2
hostile=0.0,1.780,4.400,0.0,2
hostile=0.0,1.782,4.400,0.0,2
hostile=0.0,1.785,4.400,0.0,2
hostile=0.0,1.787,4.400,0.0,2
hostile=0.0,1.790,4.400,0.0,2
hostile=0.0,1.792,4.400,0.0,2
hostile=0.0,1.794,4.400,0.0,2
hostile=0.0,1.797,4.400,0.0,2
hostile=0.0,1.799,4.400,0.0,2
hostile=0.0,1.802,4.400,0.0,2
hostile=0.0,1.804,4.400,0.0,2
hostile=0.0,1.806,4.400,0.0,2
hostile=0.0,1.809,4.400,0.0,2
hostile=0.0,1.811,4.400,0.0,2
hostile=0.0,1.814,4.400,0.0,2
hostile=0.0,1.816,4.400,0.0,2
hostile=0.0,1.818,4.400,0.0,2
hostile=0.0,1.821,4.400,0.0,2
hostile=0.0,1.823,4.400,0.0,2
hostile=0.0,1.826,4.400,0.0,2
hostile=0.0,1.828,4.400,0.0,2
hostile=0.0,1.830,4.400,0.0,2
hostile=0.0,1.833,4.400,0.0,2
hostile=0.0,1.835,4.400,0.0,2
hostile=0.0,1.838,4.400,0.0,2
hostile=0.0,1.840,4.400,0.0,2
hostile=0.0,1.842,4.400,0.0,2
hostile=0.0,1.845,4.400,0.0,2
hostile=0.0,1.847,4.400,0.0,2
hostile=0.0,1.850,4.400,0.0,2
hostile=0.0,1.852,4.400,0.0,2
hostile=0.0,1.854,4.400,0.0,2
hostile=0.0,1.857,4.400,0.0,2
hostile=0.0,1.859,4.400,0.0,2
hostile=0.0,1.862,4.400,0.0,2
hostile=0.0,1.864,4.400,0.0,2
hostile=0.0,1.866,4.400,0.0,2
hostile=0.0,1.869,4.400,0.0,2
hostile=0.0,1.871,4.400,0.0,2
hostile=0.0,1.874,4.400,0.0,2
hostile=0.0,1.876,4.400,0.0,2
hostile=0.0,1.878,4.400,0.0,2
hostile=0.0,1.881,4.400,0.0,2
hostile=0.0,1.883,4.400,0.0,2
hostile=0.0,1.886,4.400,0.0,2
hostile=0.0,1.888,4.400,0.0,2
hostile=0.0,1.890,4.400,0.0,2
hostile=0.0,1.893,4.400,0.0,2
hostile=0.0,1.895,4.400,0.0,2
hostile=0.0,1.898,4.400,0.0,2
hostile=0.0,1.900,4.400,0.0,2
hostile=0.0,1.902,4.400,0.0,2
hostile=0.0,1.905,4.400,0.0,2
hostile=0.0,1.907,4.400,0.0,2
hostile=0.0,1.910,4.400,0.0,2
hostile=0.0,1.912,4.400,0.0,2
hostile=0.0,1.914,4.400,0.0,2
hostile=0.0,1.917,4.400,0.0,2
hostile=0.0,1.919,4.400,0.0,2
hostile=0.0,1.922,4.400,0.0,2
hostile=0.0,1.924,4.400,0.0,2
hostile=0.0,1.926,4.400,0.0,2
hostile=0.0,1.929,4.400,0.0,2
hostile=0.0,1.931,4.400,0.0,2
hostile=0.0,1.934,4.400,0.0,2
hostile=0.0,1.936,4.400,0.0,2
hostile=0.0,1.938,4.400,0.0,2
hostile=0.0,1.941,4.400,0.0,2
hostile=0.0,1.943,4.400,0.0,2
hostile=0.0,1.946,4.400,0.0,2
hostile=0.0,1.948,4.400,0.0,2
hostile=0.0,1.950,4.400,0.0,2
hostile=0.0,1.953,4.400,0.0,2
hostile=0.0,1.955,4.400,0.0,2
hostile=0.0,1.958,4.400,0.0,2
hostile=0.0,1.960,4.400,0.0,2
hostile=0.0,1.962,4.400,0.0,2
hostile=0.0,1.965,4.400,0.0,2
hostile=0.0,1.967,4.400,0.0,2
hostile=0.0,1.970,4.400,0.0,2
hostile=0.0,1.972,4.400,0.0,2
hostile=0.0,1.974,4.400,0.0,2
hostile=0.0,1.977,4.400,0.0,2
hostile=0.0,1.979,4.400,0.0,2
hostile=0.0,1.982,4.400,0.0,2
hostile=0.0,1.984,4.400,0.0,2
hostile=0.0,1.986,4.400,0.0,2
hostile=0.0,1.989,4.400,0.0,2
hostile=0.0,1.991,4.400,0.0,2
hostile=0.0,1.994,4.400,0.0,2
hostile=0.0,1.996,4.400,0.0,2
hostile=0.0,1.998,4.400,0.0,2
hostile=0.0,2.001,4.400,0.0,2
hostile=0.0,2.003,4.400,0.0,2
hostile=0.0,2.006,4.400,0.0,2
hostile=0.0,2.008,4.400,0.0,2
hostile=0.0,2.010,4.400,0.0,2
hostile=0.0,2.013,4.400,0.0,2
hostile=0.0,2.015,4.400,0.0,2
hostile=0.0,2.018,4.400,0.0,2
hostile=0.0,2.020,4.400,0.0,2
hostile=0.0,2.022,4.400,0.0,2
hostile=0.0,2.025,4.400,0.0,2
hostile=0.0,2.027,4.400,0.0,2
hostile=0.0,2.030,4.400,0.0,2
hostile=0.0,2.032,4.400,0.0,2
hostile=0.0,2.034,4.400,0.0,2
hostile=0.0,2.037,4.400,0.0,2
hostile=0.0,2.039,4.400,0.0,2
hostile=0.0,2.042,4.400,0.0,2
hostile=0.0,2.044,4.400,0.0,2
hostile=0.0,2.046,4.400,0.0,2
hostile=0.0,2.049,4.400,0.0,2
hostile=0.0,2.051,4.400,0.0,2
hostile=0.0,2.054,4.400,0.0,2
hostile=0.0,2.056,4.400,0.0,2
hostile=0.0,2.058,4.400,0.0,2
hostile=0.0,2.061,4.400,0.0,2
hostile=0.0,2.063,4.400,0.0,2
hostile=0.0,2.066,4.400,0.0,2
hostile=0.0,2.068,4.400,0.0,2
hostile=0.0,2.070,4.400,0.0,2
hostile=0.0,2.073,4.400,0.0,2
hostile=0.0,2.075,4.400,0.0,2
hostile=0.0,2.078,4.400,0.0,2
hostile=0.0,2.080,4.400,0.0,2
hostile=0.0,2.082,4.400,0.0,2
hostile=0.0,2.085,4.400,0.0,2
hostile=0.0,2.087,4.400,0.0,2
hostile=0.0,2.090,4.400,0.0,2
hostile=0.0,2.092,4.400,0.0,2
hostile=0.0,2.094,4.400,0.0,2
hostile=0.0,2.097,4.400,0.0,2
hostile=0.0,2.099,4.400,0.0,2
hostile=0.0,2.102,4.400,0.0,2
hostile=0.0,2.104,4.400,0.0,2
hostile=0.0,2.106,4.400,0.0,2
hostile=0.0,2.109,4.400,0.0,2
hostile=0.0,2.111,4.400,0.0,2
hostile=0.0,2.114,4.400,0.0,2
hostile=0.0,2.116,4.400,0.0,2
hostile=0.0,2.118,4.400,0.0,2
hostile=0.0,2.121,4.400,0.0,2
hostile=0.0,2.123,4.400,0.0,2
hostile=0.0,2.126,4.400,0.0,2
hostile=0.0,2.128,4.400,0.0,2
hostile=0.0,2.130,4.400,0.0,2
hostile=0.0,2.133,4.400,0.0,2
hostile=0.0,2.135,4.400,0.0,2
hostile=0.0,2.138,4.400,0.0,2
hostile=0.0,2.140,4.400,0.0,2
hostile=0.0,2.142,4.400,0.0,2
hostile=0.0,2.145,4.400,0.0,2
hostile=0.0,2.147,4.400,0.0,2
hostile=0.0,2.150,4.400,0.0,2
hostile=0.0,2.152,4.400,0.0,2
hostile=0.0,2.154,4.400,0.0,2
hostile=0.0,2.157,4.400,0.0,2
hostile=0.0,2.159,4.400,0.0,2
hostile=0.0,2.162,4.400,0.0,2
hostile=0.0,2.164,4.400,0.0,2
hostile=0.0,2.166,4.400,0.0,2
hostile=0.0,2.169,4.400,0.0,2
hostile=0.0,2.171,4.400,0.0,2
hostile=0.0,2.174,4.400,0.0,2
hostile=0.0,2.176,4.400,0.0,2
hostile=0.0,2.178,4.400,0.0,2
hostile=0.0,2.181,4.400,0.0,2
hostile=0.0,2.183,4.400,0.0,2
hostile=0.0,2.186,4.400,0.0,2
hostile=0.0,2.188,4.400,0.0,2
hostile=0.0,2.190,4.400,0.0,2
hostile=0.0,2.193,4.400,0.0,2
hostile=0.0,2.195,4.400,0.0,2
hostile=0.0,2.198,4.400,0.0,2
hostile=0.0,2.200,4.400,0.0,2
hostile=0.0,2.202,4.400,0.0,2
hostile=0.0,2.205,4.400,0.0,2
hostile=0.0,2.207,4.400,0.0,2
hostile=0.0,2.210,4.400,0.0,2
hostile=0.0,2.212,4.400,0.0,2
hostile=0.0,2.214,4.400,0.0,2
hostile=0.0,2.217,4.400,0.0,2
hostile=0.0,2.219,4.400,0.0,2
hostile=0.0,2.222,4.400,0.0,2
hostile=0.0,2.224,4.400,0.0,2
hostile=0.0,2.226,4.400,0.0,2
hostile=0.0,2.229,4.400,0.0,2
hostile=0.0,2.231,4.400,0.0,2
hostile=0.0,2.234,4.400,0.0,2
hostile=0.0,2.236,4.400,0.0,2
hostile=0.0,2.238,4.400,0.0,2
hostile=0.0,2.241,4.400,0.0,2
hostile=0.0,2.243,4.400,0.0,2
hostile=0.0,2.246,4.400,0.0,2
hostile=0.0,2.248,4.400,0.0,2
hostile=0.0,2.250,4.400,0.0,2
hostile=0.0,2.253,4.400,0.0,2
hostile=0.0,2.255,4.400,0.0,2
hostile=0.0,2.258,4.400,0.0,2
hostile=0.0,2.260,4.400,0.0,2
hostile=0.0,2.262,4.400,0.0,2
hostile=0.0,2.265,4.400,0.0,2
hostile=0.0,2.267,4.400,0.0,2
hostile=0.0,2.270,4.400,0.0,2
hostile=0.0,2.272,4.400,0.0,2
hostile=0.0,2.274,4.400,0.0,2
hostile=0.0,2.277,4.400,0.0,2
hostile=0.0,2.279,4.400,0.0,2
hostile=0.0,2.282,4.400,0.0,2
hostile=0.0,2.284,4.400,0.0,2
hostile=0.0,2.286,4.400,0.0,2
hostile=0.0,2.289,4.400,0.0,2
hostile=0.0,2.291,4.400,0.0,2
hostile=0.0,2.294,4.400,0.0,2
hostile=0.0,2.296,4.400,0.0,2
hostile=0.0,2.298,4.400,0.0,2
hostile=0.0,2.301,4.400,0.0,2
hostile=0.0,2.303,4.400,0.0,2
hostile=0.0,2.306,4.400,0.0,2
hostile=0.0,2.308,4.400,0.0,2
hostile=0.0,2.310,4.400,0.0,2
hostile=0.0,2.313,4.400,0.0,2
hostile=0.0,2.315,4.400,0.0,2
hostile=0.0,2.318,4.400,0.0,2
hostile=0.0,2.320,4.400,0.0,2
hostile=0.0,2.322,4.400,0.0,2
hostile=0.0,2.325,4.400,0.0,2
hostile=0.0,2.327,4.400,0.0,2
hostile=0.0,2.330,4.400,0.0,2
hostile=0.0,2.332,4.400,0.0,2
hostile=0.0,2.334,4.400,0.0,2
hostile=0.0,2.337,4.400,0.0,2
hostile=0.0,2.339,4.400,0.0,2
hostile=0.0,2.342,4.400,0.0,2
hostile=0.0,2.344,4.400,0.0,2
hostile=0.0,2.346,4.400,0.0,2
hostile=0.0,2.349,4.400,0.0,2
hostile=0.0,2.351,4.400,0.0,2
hostile=0.0,2.354,4.400,0.0,2
hostile=0.0,2.356,4.400,0.0,2
hostile=0.0,2.358,4.400,0.0,2
hostile=0.0,2.361,4.400,0.0,2
hostile=0.0,2.363,4.400,0.0,2
hostile=0.0,2.366,4.400,0.0,2
hostile=0.0,2.368,4.400,0.0,2
hostile=0.0,2.370,4.400,0.0,2
hostile=0.0,2.373,4.400,0.0,2
hostile=0.0,2.375,4.400,0.0,2
hostile=0.0,2.378,4.400,0.0,2
hostile=0.0,2.380,4.400,0.0,2
hostile=0.0,2.382,4.400,0.0,2
hostile=0.0,2.385,4.400,0.0,2
hostile=0.0,2.387,4.400,0.0,2
hostile=0.0,2.390,4.400,0.0,2
hostile=0.0,2.392,4.400,0.0,2
hostile=0.0,2.394,4.400,0.0,2
hostile=0.0,2.397,4.400,0.0,2
hostile=0.0,2.399,4.400,0.0,2
hostile=0.0,2.402,4.400,0.0,2
hostile=0.0,2.404,4.400,0.0,2
hostile=0.0,2.406,4.400,0.0,2
hostile=0.0,2.409,4.400,0.0,2
hostile=0.0,2.411,4.400,0.0,2
hostile=0.0,2.414,4.400,0.0,2
hostile=0.0,2.416,4.400,0.0,2
hostile=0.0,2.418,4.400,0.0,2
hostile=0.0,2.421,4.400,0.0,2
hostile=0.0,2.423,4.400,0.0,2
hostile=0.0,2.426,4.400,0.0,2
hostile=0.0,2.428,4.400,0.0,2
hostile=0.0,2.430,4.400,0.0,2
hostile=0.0,2.433,4.400,0.0,2
hostile=0.0,2.435,4.400,0.0,2
hostile=0.0,2.438,4.400,0.0,2
hostile=0.0,2.440,4.400,0.0,2
hostile=0.0,2.442,4.400,0.0,2
hostile=0.0,2.445,4.400,0.0,2
hostile=0.0,2.447,4.400,0.0,2
hostile=0.0,2.450,4.400,0.0,2
hostile=0.0,2.452,4.400,0.0,2
hostile=0.0,2.454,4.400,0.0,2
hostile=0.0,2.457,4.400,0.0,2
hostile=0.0,2.459,4.400,0.0,2
hostile=0.0,2.462,4.400,0.0,2
hostile=0.0,2.464,4.400,0.0,2
hostile=0.0,2.466,4.400,0.0,2
hostile=0.0,2.469,4.400,0.0,2
hostile=0.0,2.471,4.400,0.0,2
hostile=0.0,2.474,4.400,0.0,2
hostile=0.0,2.476,4.400,0.0,2
hostile=0.0,2.478,4.400,0.0,2
hostile=0.0,2.481,4.400,0.0,2
hostile=0.0,2.483,4.400,0.0,2
hostile=0.0,2.486,4.400,0.0,2
hostile=0.0,2.488,4.400,0.0,2
hostile=0.0,2.490,4.400,0.0,2
hostile=0.0,2.493,4.400,0.0,2
hostile=0.0,2.495,4.400,0.0,2
hostile=0.0,2.498,4.400,0.0,2
hostile=0.0,2.500,4.400,0.0,2
hostile=0.0,2.503,4.400,0.0,2
hostile=0.0,2.505,4.400,0.0,2
hostile=0.0,2.507,4.400,0.0,2
hostile=0.0,2.510,4.400,0.0,2
hostile=0.0,2.512,4.400,0.0,2
hostile=0.0,2.515,4.400,0.0,2
hostile=0.0,2.517,4.400,0.0,2
hostile=0.0,2.519,4.400,0.0,2
hostile=0.0,2.522,4.400,0.0,2
hostile=0.0,2.524,4.400,0.0,2
hostile=0.0,2.527,4.400,0.0,2
hostile=0.0,2.529,4.400,0.0,2
hostile=0.0,2.531,4.400,0.0,2
hostile=0.0,2.534,4.400,0.0,2
hostile=0.0,2.536,4.400,0.0,2
hostile=0.0,2.539,4.400,0.0,2
hostile=0.0,2.541,4.400,0.0,2
hostile=0.0,2.543,4.400,0.0,2
hostile=0.0,2.546,4.400,0.0,2
hostile=0.0,2.548,4.400,0.0,2
hostile=0.0,2.551,4.400,0.0,2
hostile=0.0,2.553,4.400,0.0,2
hostile=0.0,2.555,4.400,0.0,2
hostile=0.0,2.558,4.400,0.0,2
hostile=0.0,2.560,4.400,0.0,2
hostile=0.0,2.563,4.400,0.0,2
hostile=0.0,2.565,4.400,0.0,2
hostile=0.0,2.567,4.400,0.0,2
hostile=0.0,2.570,4.400,0.0,2
hostile=0.0,2.572,4.400,0.0,2
hostile=0.0,2.575,4.400,0.0,2
hostile=0.0,2.577,4.400,0.0,2
hostile=0.0,2.579,4.400,0.0,2
hostile=0.0,2.582,4.400,0.0,2
hostile=0.0,2.584,4.400,0.0,2
hostile=0.0,2.587,4.400,0.0,2
hostile=0.0,2.589,4.400,0.0,2
hostile=0.0,2.591,4.400,0.0,2
hostile=0.0,2.594,4.400,0.0,2
hostile=0.0,2.596,4.400,0.0,2
hostile=0.0,2.599,4.400,0.0,2
hostile=0.0,2.601,4.400,0.0,2
hostile=0.0,2.603,4.400,0.0,2
hostile=0.0,2.606,4.400,0.0,2
hostile=0.0,2.608,4.400,0.0,2
hostile=0.0,2.611,4.400,0.0,2
hostile=0.0,2.613,4.400,0.0,2
hostile=0.0,2.615,4.400,0.0,2
hostile=0.0,2.618,4.400,0.0,2
hostile=0.0,2.620,4.400,0.0,2
hostile=0.0,2.623,4.400,0.0,2
hostile=0.0,2.625,4.400,0.0,2
hostile=0.0,2.627,4.400,0.0,2
hostile=0.0,2.630,4.400,0.0,2
hostile=0.0,2.632,4.400,0.0,2
hostile=0.0,2.635,4.400,0.0,2
hostile=0.0,2.637,4.400,0.0,2
hostile=0.0,2.639,4.400,0.0,2
hostile=0.0,2.642,4.400,0.0,2
hostile=0.0,2.644,4.400,0.0,2
hostile=0.0,2.647,4.400,0.0,2
hostile=0.0,2.649,4.400,0.0,2
hostile=0.0,2.651,4.400,0.0,2
hostile=0.0,2.654,4.400,0.0,2
hostile=0.0,2.656,4.400,0.0,2
hostile=0.0,2.659,4.400,0.0,2
hostile=0.0,2.661,4.400,0.0,2
hostile=0.0,2.663,4.400,0.0,2
hostile=0.0,2.666,4.400,0.0,2
hostile=0.0,2.668,4.400,0.0,2
hostile=0.0,2.671,4.400,0.0,2
hostile=0.0,2.673,4.400,0.0,2
hostile=0.0,2.675,4.400,0.0,2
hostile=0.0,2.678,4.400,0.0,2
hostile=0.0,2.680,4.400,0.0,2
hostile=0.0,2.683,4.400,0.0,2
hostile=0.0,2.685,4.400,0.0,2
hostile=0.0,2.687,4.400,0.0,2
hostile=0.0,2.690,4.400,0.0,2
hostile=0.0,2.692,4.400,0.0,2
hostile=0.0,2.695,4.400,0.0,2
hostile=0.0,2.697,4.400,0.0,2
hostile=0.0,2.699,4.400,0.0,2
hostile=0.0,2.702,4.400,0.0,2
hostile=0.0,2.704,4.400,0.0,2
hostile=0.0,2.707,4.400,0.0,2
hostile=0.0,2.709,4.400,0.0,2
hostile=0.0,2.711,4.400,0.0,2
hostile=0.0,2.714,4.400,0.0,2
hostile=0.0,2.716,4.400,0.0,2
hostile=0.0,2.719,4.400,0.0,2
hostile=0.0,2.721,4.400,0.0,2
hostile=0.0,2.723,4.400,0.0,2
hostile=0.0,2.726,4.400,0.0,2
hostile=0.0,2.728,4.400,0.0,2
hostile=0.0,2.731,4.400,0.0,2
hostile=0.0,2.733,4.400,0.0,2
hostile=0.0,2.735,4.400,0.0,2
hostile=0.0,2.738,4.400,0.0,2
hostile=0.0,2.740,4.400,0.0,2
hostile=0.0,2.743,4.400,0.0,2
hostile=0.0,2.745,4.400,0.0,2
hostile=0.0,2.747,4.400,0.0,2
hostile=0.0,2.750,4.400,0.0,2
hostile=0.0,2.752,4.400,0.0,2
hostile=0.0,2.755,4.400,0.0,2
hostile=0.0,2.757,4.400,0.0,2
hostile=0.0,2.759,4.400,0.0,2
hostile=0.0,2.762,4.400,0.0,2
hostile=0.0,2.764,4.400,0.0,2
hostile=0.0,2.767,4.400,0.0,2
hostile=0.0,2.769,4.400,0.0,2
hostile=0.0,2.771,4.400,0.0,2
hostile=0.0,2.774,4.400,0.0,2
hostile=0.0,2.776,4.400,0.0,2
hostile=0.0,2.779,4.400,0.0,2
hostile=0.0,2.781,4.400,0.0,2
hostile=0.0,2.783,4.400,0.0,2
hostile=0.0,2.786,4.400,0.0,2
hostile=0.0,2.788,4.400,0.0,2
hostile=0.0,2.791,4.400,0.0,2
hostile=0.0,2.793,4.400,0.0,2
hostile=0.0,2.795,4.400,0.0,2
hostile=0.0,2.798,4.400,0.0,2
hostile=0.0,2.800,4.400,0.0,2
hostile=0.0,2.803,4.400,0.0,2
hostile=0.0,2.805,4.400,0.0,2
hostile=0.0,2.807,4.400,0.0,2
hostile=0.0,2.810,4.400,0.0,2
hostile=0.0,2.812,4.400,0.0,2
hostile=0.0,2.815,4.400,0.0,2
hostile=0.0,2.817,4.400,0.0,2
hostile=0.0,2.819,4.400,0.0,2
hostile=0.0,2.822,4.400,0.0,2
hostile=0.0,2.824,4.400,0.0,2
hostile=0.0,2.827,4.400,0.0,2
hostile=0.0,2.829,4.400,0.0,2
hostile=0.0,2.831,4.400,0.0,2
hostile=0.0,2.834,4.400,0.0,2
hostile=0.0,2.836,4.400,0.0,2
hostile=0.0,2.839,4.400,0.0,2
hostile=0.0,2.841,4.400,0.0,2
hostile=0.0,2.843,4.400,0.0,2
hostile=0.0,2.846,4.400,0.0,2
hostile=0.0,2.848,4.400,0.0,2
hostile=0.0,2.851,4.400,0.0,2
hostile=0.0,2.853,4.400,0.0,2
hostile=0.0,2.855,4.400,0.0,2
hostile=0.0,2.858,4.400,0.0,2
hostile=0.0,2.860,4.400,0.0,2
hostile=0.0,2.863,4.400,0.0,2
hostile=0.0,2.865,4.400,0.0,2
hostile=0.0,2.867,4.400,0.0,2
hostile=0.0,2.870,4.400,0.0,2
hostile=0.0,2.872,4.400,0.0,2
hostile=0.0,2.875,4.400,0.0,2
hostile=0.0,2.877,4.400,0.0,2
hostile=0.0,2.879,4.400,0.0,2
hostile=0.0,2.882,4.400,0.0,2
hostile=0.0,2.884,4.400,0.0,2
hostile=0.0,2.887,4.400,0.0,2
hostile=0.0,2.889,4.400,0.0,2
hostile=0.0,2.891,4.400,0.0,2
hostile=0.0,2.894,4.400,0.0,2
hostile=0.0,2.896,4.400,0.0,2
hostile=0.0,2.899,4.400,0.0,2
hostile=0.0,2.901,4.400,0.0,2
hostile=0.0,2.903,4.400,0.0,2
hostile=0.0,2.906,4.400,0.0,2
hostile=0.0,2.908,4.400,0.0,2
hostile=0.0,2.911,4.400,0.0,2
hostile=0.0,2.913,4.400,0.0,2
hostile=0.0,2.915,4.400,0.0,2
hostile=0.0,2.918,4.400,0.0,2
hostile=0.0,2.920,4.400,0.0,2
hostile=0.0,2.923,4.400,0.0,2
hostile=0.0,2.925,4.400,0.0,2
hostile=0.0,2.927,4.400,0.0,2
hostile=0.0,2.930,4.400,0.0,2
hostile=0.0,2.932,4.400,0.0,2
hostile=0.0,2.935,4.400,0.0,2
hostile=0.0,2.937,4.400,0.0,2
hostile=0.0,2.939,4.400,0.0,2
hostile=0.0,2.942,4.400,0.0,2
hostile=0.0,2.944,4.400,0.0,2
hostile=0.0,2.947,4.400,0.0,2
hostile=0.0,2.949,4.400,0.0,2
hostile=0.0,2.951,4.400,0.0,2
hostile=0.0,2.954,4.400,0.0,2
hostile=0.0,2.956,4.400,0.0,2
hostile=0.0,2.959,4.400,0.0,2
hostile=0.0,2.961,4.400,0.0,2
hostile=0.0,2.963,4.400,0.0,2
hostile=0.0,2.966,4.400,0.0,2
hostile=0.0,2.968,4.400,0.0,2
hostile=0.0,2.971,4.400,0.0,2
hostile=0.0,2.973,4.400,0.0,2
hostile=0.0,2.975,4.400,0.0,2
hostile=0.0,2.978,4.400,0.0,2
hostile=0.0,2.980,4.400,0.0,2
hostile=0.0,2.983,4.400,0.0,2
hostile=0.0,2.985,4.400,0.0,2
hostile=0.0,2.987,4.400,0.0,2
hostile=0.0,2.990,4.400,0.0,2
hostile=0.0,2.992,4.400,0.0,2
hostile=0.0,2.995,4.400,0.0,2
hostile=0.0,2.997,4.400,0.0,2
hostile=0.0,2.999,4.400,0.0,2
hostile=0.0,3.002,4.400,0.0,2
hostile=0.0,3.004,4.400,0.0,2
hostile=0.0,3.007,4.400,0.0,2
hostile=0.0,3.009,4.400,0.0,2
hostile=0.0,3.011,4.400,0.0,2
hostile=0.0,3.014,4.400,0.0,2
hostile=0.0,3.016,4.400,0.0,2
hostile=0.0,3.019,4.400,0.0,2
hostile=0.0,3.021,4.400,0.0,2
hostile=0.0,3.023,4.400,0.0,2
hostile=0.0,3.026,4.400,0.0,2
hostile=0.0,3.028,4.400,0.0,2
hostile=0.0,3.031,4.400,0.0,2
hostile=0.0,3.033,4.400,0.0,2
hostile=0.0,3.035,4.400,0.0,2
hostile=0.0,3.038,4.400,0.0,2
hostile=0.0,3.040,4.400,0.0,2
hostile=0.0,3.043,4.400,0.0,2
hostile=0.0,3.045,4.400,0.0,2
hostile=0.0,3.047,4.400,0.0,2
hostile=0.0,3.050,4.400,0.0,2
hostile=0.0,3.052,4.400,0.0,2
hostile=0.0,3.055,4.400,0.0,2
hostile=0.0,3.057,4.400,0.0,2
hostile=0.0,3.059,4.400,0.0,2
hostile=0.0,3.062,4.400,0.0,2
hostile=0.0,3.064,4.400,0.0,2
hostile=0.0,3.067,4.400,0.0,2
hostile=0.0,3.069,4.400,0.0,2
hostile=0.0,3.071,4.400,0.0,2
hostile=0.0,3.074,4.400,0.0,2
hostile=0.0,3.076,4.400,0.0,2
hostile=0.0,3.079,4.400,0.0,2
hostile=0.0,3.081,4.400,0.0,2
hostile=0.0,3.083,4.400,0.0,2
hostile=0.0,3.086,4.400,0.0,2
hostile=0.0,3.088,4.400,0.0,2
hostile=0.0,3.091,4.400,0.0,2
hostile=0.0,3.093,4.400,0.0,2
hostile=0.0,3.095,4.400,0.0,2
hostile=0.0,3.098,4.400,0.0,2
hostile=0.0,3.100,4.400,0.0,2
hostile=0.0,3.103,4.400,0.0,2
hostile=0.0,3.105,4.400,0.0,2
hostile=0.0,3.107,4.400,0.0,2
hostile=0.0,3.110,4.400,0.0,2
hostile=0.0,3.112,4.400,0.0,2
hostile=0.0,3.115,4.400,0.0,2
hostile=0.0,3.117,4.400,0.0,2
hostile=0.0,3.119,4.400,0.0,2
hostile=0.0,3.122,4.400,0.0,2
hostile=0.0,3.124,4.400,0.0,2
hostile=0.0,3.127,4.400,0.0,2
hostile=0.0,3.129,4.400,0.0,2
hostile=0.0,3.131,4.400,0.0,2
hostile=0.0,3.134,4.400,0.0,2
hostile=0.0,3.136,4.400,0.0,2
hostile=0.0,3.139,4.400,0.0,2
hostile=0.0,3.141,4.400,0.0,2
hostile=0.0,3.143,4.400,0.0,2
hostile=0.0,3.146,4.400,0.0,2
hostile=0.0,3.148,4.400,0.0,2
hostile=0.0,3.151,4.400,0.0,2
hostile=0.0,3.153,4.400,0.0,2
hostile=0.0,3.155,4.400,0.0,2
hostile=0.0,3.158,4.400,0.0,2
hostile=0.0,3.160,4.400,0.0,2
hostile=0.0,3.163,4.400,0.0,2
hostile=0.0,3.165,4.400,0.0,2
hostile=0.0,3.167,4.400,0.0,2
hostile=0.0,3.170,4.400,0.0,2
hostile=0.0,3.172,4.400,0.0,2
hostile=0.0,3.175,4.400,0.0,2
hostile=0.0,3.177,4.400,0.0,2
hostile=0.0,3.179,4.400,0.0,2
hostile=0.0,3.182,4.400,0.0,2
hostile=0.0,3.184,4.400,0.0,2
hostile=0.0,3.187,4.400,0.0,2
hostile=0.0,3.189,4.400,0.0,2
hostile=0.0,3.191,4.400,0.0,2
hostile=0.0,3.194,4.400,0.0,2
hostile=0.0,3.196,4.400,0.0,2
hostile=0.0,3.199,4.400,0.0,2
hostile=0.0,3.201,4.400,0.0,2
hostile=0.0,3.203,4.400,0.0,2
hostile=0.0,3.206,4.400,0.0,2
hostile=0.0,3.208,4.400,0.0,2
hostile=0.0,3.211,4.400,0.0,2
hostile=0.0,3.213,4.400,0.0,2
hostile=0.0,3.215,4.400,0.0,2
hostile=0.0,3.218,4.400,0.0,2
hostile=0.0,3.220,4.400,0.0,2
hostile=0.0,3.223,4.400,0.0,2
hostile=0.0,3.225,4.400,0.0,2
hostile=0.0,3.227,4.400,0.0,2
hostile=0.0,3.230,4.400,0.0,2
hostile=0.0,3.232,4.400,0.0,2
hostile=0.0,3.235,4.400,0.0,2
hostile=0.0,3.237,4.400,0.0,2
hostile=0.0,3.239,4.400,0.0,2
hostile=0.0,3.242,4.400,0.0,2
hostile=0.0,3.244,4.400,0.0,2
hostile=0.0,3.247,4.400,0.0,2
hostile=0.0,3.249,4.400,0.0,2
hostile=0.0,3.251,4.400,0.0,2
hostile=0.0,3.254,4.400,0.0,2
hostile=0.0,3.256,4.400,0.0,2
hostile=0.0,3.259,4.400,0.0,2
hostile=0.0,3.261,4.400,0.0,2
hostile=0.0,3.263,4.400,0.0,2
hostile=0.0,3.266,4.400,0.0,2
hostile=0.0,3.268,4.400,0.0,2
hostile=0.0,3.271,4.400,0.0,2
hostile=0.0,3.273,4.400,0.0,2
hostile=0.0,3.275,4.400,0.0,2
hostile=0.0,3.278,4.400,0.0,2
hostile=0.0,3.280,4.400,0.0,2
hostile=0.0,3.283,4.400,0.0,2
hostile=0.0,3.285,4.400,0.0,2
hostile=0.0,3.287,4.400,0.0,2
hostile=0.0,3.290,4.400,0.0,2
hostile=0.0,3.292,4.400,0.0,2
hostile=0.0,3.295,4.400,0.0,2
hostile=0.0,3.297,4.400,0.0,2
hostile=0.0,3.299,4.400,0.0,2
hostile=0.0,3.302,4.400,0.0,2
hostile=0.0,3.304,4.400,0.0,2
hostile=0.0,3.307,4.400,0.0,2
hostile=0.0,3.309,4.400,0.0,2
hostile=0.0,3.311,4.400,0.0,2
hostile=0.0,3.314,4.400,0.0,2
hostile=0.0,3.316,4.400,0.0,2
hostile=0.0,3.319,4.400,0.0,2
hostile=0.0,3.321,4.400,0.0,2
hostile=0.0,3.323,4.400,0.0,2
hostile=0.0,3.326,4.400,0.0,2
hostile=0.0,3.328,4.400,0.0,2
hostile=0.0,3.331,4.400,0.0,2
hostile=0.0,3.333,4.400,0.0,2
hostile=0.0,3.335,4.400,0.0,2
hostile=0.0,3.338,4.400,0.0,2
hostile=0.0,3.340,4.400,0.0,2
hostile=0.0,3.343,4.400,0.0,2
hostile=0.0,3.345,4.400,0.0,2
hostile=0.0,3.347,4.400,0.0,2
hostile=0.0,3.350,4.400,0.0,2
hostile=0.0,3.352,4.400,0.0,2
hostile=0.0,3.355,4.400,0.0,2
hostile=0.0,3.357,4.400,0.0,2
hostile=0.0,3.359,4.400,0.0,2
hostile=0.0,3.362,4.400,0.0,2
hostile=0.0,3.364,4.400,0.0,2
hostile=0.0,3.367,4.400,0.0,2
hostile=0.0,3.369,4.400,0.0,2
hostile=0.0,3.371,4.400,0.0,2
hostile=0.0,3.374,4.400,0.0,2
hostile=0.0,3.376,4.400,0.0,2
hostile=0.0,3.379,4.400,0.0,2
hostile=0.0,3.381,4.400,0.0,2
hostile=0.0,3.383,4.400,0.0,2
hostile=0.0,3.386,4.400,0.0,2
hostile=0.0,3.388,4.400,0.0,2
hostile=0.0,3.391,4.400,0.0,2
hostile=0.0,3.393,4.400,0.0,2
hostile=0.0,3.395,4.400,0.0,2
hostile=0.0,3.398,4.400,0.0,2
hostile=0.0,3.400,4.400,0.0,2
hostile=0.0,3.403,4.400,0.0,2
hostile=0.0,3.405,4.400,0.0,2
hostile=0.0,3.407,4.400,0.0,2
hostile=0.0,3.410,4.400,0.0,2
hostile=0.0,3.412,4.400,0.0,2
hostile=0.0,3.415,4.400,0.0,2
hostile=0.0,3.417,4.400,0.0,2
hostile=0.0,3.419,4.400,0.0,2
hostile=0.0,3.422,4.400,0.0,2
hostile=0.0,3.424,4.400,0.0,2
hostile=0.0,3.427,4.400,0.0,2
hostile=0.0,3.429,4.400,0.0,2
hostile=0.0,3.431,4.400,0.0,2
hostile=0.0,3.434,4.400,0.0,2
hostile=0.0,3.436,4.400,0.0,2
hostile=0.0,3.439,4.400,0.0,2
hostile=0.0,3.441,4.400,0.0,2
hostile=0.0,3.443,4.400,0.0,2
hostile=0.0,3.446,4.400,0.0,2
hostile=0.0,3.448,4.400,0.0,2
hostile=0.0,3.451,4.400,0.0,2
hostile=0.0,3.453,4.400,0.0,2
hostile=0.0,3.455,4.400,0.0,2
hostile=0.0,3.458,4.400,0.0,2
hostile=0.0,3.460,4.400,0.0,2
hostile=0.0,3.463,4.400,0.0,2
hostile=0.0,3.465,4.400,0.0,2
hostile=0.0,3.467,4.400,0.0,2
hostile=0.0,3.470,4.400,0.0,2
hostile=0.0,3.472,4.400,0.0,2
hostile=0.0,3.475,4.400,0.0,2
hostile=0.0,3.477,4.400,0.0,2
hostile=0.0,3.479,4.400,0.0,2
hostile=0.0,3.482,4.400,0.0,2
hostile=0.0,3.484,4.400,0.0,2
hostile=0.0,3.487,4.400,0.0,2
hostile=0.0,3.489,4.400,0.0,2
hostile=0.0,3.491,4.400,0.0,2
hostile=0.0,3.494,4.400,0.0,2
hostile=0.0,3.496,4.400,0.0,2
hostile=0.0,3.499,4.400,0.0,2
hostile=0.0,3.501,4.400,0.0,2
hostile=0.0,3.504,4.400,0.0,2
hostile=0.0,3.506,4.400,0.0,2
hostile=0.0,3.508,4.400,0.0,2
hostile=0.0,3.511,4.400,0.0,2
hostile=0.0,3.513,4.400,0.0,2
hostile=0.0,3.516,4.400,0.0,2
hostile=0.0,3.518,4.400,0.0,2
hostile=0.0,3.520,4.400,0.0,2
hostile=0.0,3.523,4.400,0.0,2
hostile=0.0,3.525,4.400,0.0,2
hostile=0.0,3.528,4.400,0.0,2
hostile=0.0,3.530,4.400,0.0,2
hostile=0.0,3.532,4.400,0.0,2
hostile=0.0,3.535,4.400,0.0,2
hostile=0.0,3.537,4.400,0.0,2
hostile=0.0,3.540,4.400,0.0,2
hostile=0.0,3.542,4.400,0.0,2
hostile=0.0,3.544,4.400,0.0,2
hostile=0.0,3.547,4.400,0.0,2
hostile=0.0,3.549,4.400,0.0,2
hostile=0.0,3.552,4.400,0.0,2
hostile=0.0,3.554,4.400,0.0,2
hostile=0.0,3.556,4.400,0.0,2
hostile=0.0,3.559,4.400,0.0,2
hostile=0.0,3.561,4.400,0.0,2
hostile=0.0,3.564,4.400,0.0,2
hostile=0.0,3.566,4.400,0.0,2
hostile=0.0,3.568,4.400,0.0,2
hostile=0.0,3.571,4.400,0.0,2
hostile=0.0,3.573,4.400,0.0,2
hostile=0.0,3.576,4.400,0.0,2
hostile=0.0,3.578,4.400,0.0,2
hostile=0.0,3.580,4.400,0.0,2
hostile=0.0,3.583,4.400,0.0,2
hostile=0.0,3.585,4.400,0.0,2
hostile=0.0,3.588,4.400,0.0,2
hostile=0.0,3.590,4.400,0.0,2
hostile=0.0,3.592,4.400,0.0,2
hostile=0.0,3.595,4.400,0.0,2
hostile=0.0,3.597,4.400,0.0,2
hostile=0.0,3.600,4.400,0.0,2
hostile=0.0,3.602,4.400,0.0,2
hostile=0.0,3.604,4.400,0.0,2
hostile=0.0,3.607,4.400,0.0,2
hostile=0.0,3.609,4.400,0.0,2
hostile=0.0,3.612,4.400,0.0,2
hostile=0.0,3.614,4.400,0.0,2
hostile=0.0,3.616,4.400,0.0,2
hostile=0.0,3.619,4.400,0.0,2
hostile=0.0,3.621,4.400,0.0,2
hostile=0.0,3.624,4.400,0.0,2
hostile=0.0,3.626,4.400,0.0,2
hostile=0.0,3.628,4.400,0.0,2
hostile=0.0,3.631,4.400,0.0,2
hostile=0.0,3.633,4.400,0.0,2
hostile=0.0,3.636,4.400,0.0,2
hostile=0.0,3.638,4.400,0.0,2
hostile=0.0,3.640,4.400,0.0,2
hostile=0.0,3.643,4.400,0.0,2
hostile=0.0,3.645,4.400,0.0,2
hostile=0.0,3.648,4.400,0.0,2
hostile=0.0,3.650,4.400,0.0,2
hostile=0.0,3.652,4.400,0.0,2
hostile=0.0,3.655,4.400,0.0,2
hostile=0.0,3.657,4.400,0.0,2
hostile=0.0,3.660,4.400,0.0,2
hostile=0.0,3.662,4.400,0.0,2
hostile=0.0,3.664,4.400,0.0,2
hostile=0.0,3.667,4.400,0.0,2
hostile=0.0,3.669,4.400,0.0,2
hostile=0.0,3.672,4.400,0.0,2
hostile=0.0,3.674,4.400,0.0,2
hostile=0.0,3.676,4.400,0.0,2
hostile=0.0,3.679,4.400,0.0,2
hostile=0.0,3.681,4.400,0.0,2
hostile=0.0,3.684,4.400,0.0,2
hostile=0.0,3.686,4.400,0.0,2
hostile=0.0,3.688,4.400,0.0,2
hostile=0.0,3.691,4.400,0.0,2
hostile=0.0,3.693,4.400,0.0,2
hostile=0.0,3.696,4.400,0.0,2
hostile=0.0,3.698,4.400,0.0,2
hostile=0.0,3.700,4.400,0.0,2
hostile=0.0,3.703,4.400,0.0,2
hostile=0.0,3.705,4.400,0.0,2
hostile=0.0,3.708,4.400,0.0,2
hostile=0.0,3.710,4.400,0.0,2
hostile=0.0,3.712,4.400,0.0,2
hostile=0.0,3.715,4.400,0.0,2
hostile=0.0,3.717,4.400,0.0,2
hostile=0.0,3.720,4.400,0.0,2
hostile=0.0,3.722,4.400,0.0,2
hostile=0.0,3.724,4.400,0.0,2
hostile=0.0,3.727,4.400,0.0,2
hostile=0.0,3.729,4.400,0.0,2
hostile=0.0,3.732,4.400,0.0,2
hostile=0.0,3.734,4.400,0.0,2
hostile=0.0,3.736,4.400,0.0,2
hostile=0.0,3.739,4.400,0.0,2
hostile=0.0,3.741,4.400,0.0,2
hostile=0.0,3.744,4.400,0.0,2
hostile=0.0,3.746,4.400,0.0,2
hostile=0.0,3.748,4.400,0.0,2
hostile=0.0,3.751,4.400,0.0,2
hostile=0.0,3.753,4.400,0.0,2
hostile=0.0,3.756,4.400,0.0,2
hostile=0.0,3.758,4.400,0.0,2
hostile=0.0,3.760,4.400,0.0,2
hostile=0.0,3.763,4.400,0.0,2
hostile=0.0,3.765,4.400,0.0,2
hostile=0.0,3.768,4.400,0.0,2
hostile=0.0,3.770,4.400,0.0,2
hostile=0.0,3.772,4.400,0.0,2
hostile=0.0,3.775,4.400,0.0,2
hostile=0.0,3.777,4.400,0.0,2
hostile=0.0,3.780,4.400,0.0,2
hostile=0.0,3.782,4.400,0.0,2
hostile=0.0,3.784,4.400,0.0,2
hostile=0.0,3.787,4.400,0.0,2
hostile=0.0,3.789,4.400,0.0,2
hostile=0.0,3.792,4.400,0.0,2
hostile=0.0,3.794,4.400,0.0,2
hostile=0.0,3.796,4.400,0.0,2
hostile=0.0,3.799,4.400,0.0,2
hostile=0.0,3.801,4.400,0.0,2
hostile=0.0,3.804,4.400,0.0,2
hostile=0.0,3.806,4.400,0.0,2
hostile=0.0,3.808,4.400,0.0,2
hostile=0.0,3.811,4.400,0.0,2
hostile=0.0,3.813,4.400,0.0,2
hostile=0.0,3.816,4.400,0.0,2
hostile=0.0,3.818,4.400,0.0,2
hostile=0.0,3.820,4.400,0.0,2
hostile=0.0,3.823,4.400,0.0,2
hostile=0.0,3.825,4.400,0.0,2
hostile=0.0,3.828,4.400,0.0,2
hostile=0.0,3.830,4.400,0.0,2
hostile=0.0,3.832,4.400,0.0,2
hostile=0.0,3.835,4.400,0.0,2
hostile=0.0,3.837,4.400,0.0,2
hostile=0.0,3.840,4.400,0.0,2
hostile=0.0,3.842,4.400,0.0,2
hostile=0.0,3.844,4.400,0.0,2
hostile=0.0,3.847,4.400,0.0,2
hostile=0.0,3.849,4.400,0.0,2
hostile=0.0,3.852,4.400,0.0,2
hostile=0.0,3.854,4.400,0.0,2
hostile=0.0,3.856,4.400,0.0,2
hostile=0.0,3.859,4.400,0.0,2
hostile=0.0,3.861,4.400,0.0,2
hostile=0.0,3.864,4.400,0.0,2
hostile=0.0,3.866,4.400,0.0,2
hostile=0.0,3.868,4.400,0.0,2
hostile=0.0,3.871,4.400,0.0,2
hostile=0.0,3.873,4.400,0.0,2
hostile=0.0,3.876,4.400,0.0,2
hostile=0.0,3.878,4.400,0.0,2
hostile=0.0,3.880,4.400,0.0,2
hostile=0.0,3.883,4.400,0.0,2
hostile=0.0,3.885,4.400,0.0,2
hostile=0.0,3.888,4.400,0.0,2
hostile=0.0,3.890,4.400,0.0,2
hostile=0.0,3.892,4.400,0.0,2
hostile=0.0,3.895,4.400,0.0,2
hostile=0.0,3.897,4.400,0.0,2
hostile=0.0,3.900,4.400,0.0,2
hostile=0.0,3.902,4.400,0.0,2
hostile=0.0,3.904,4.400,0.0,2
hostile=0.0,3.907,4.400,0.0,2
hostile=0.0,3.909,4.400,0.0,2
hostile=0.0,3.912,4.400,0.0,2
hostile=0.0,3.914,4.400,0.0,2
hostile=0.0,3.916,4.400,0.0,2
hostile=0.0,3.919,4.400,0.0,2
hostile=0.0,3.921,4.400,0.0,2
hostile=0.0,3.924,4.400,0.0,2
hostile=0.0,3.926,4.400,0.0,2
hostile=0.0,3.928,4.400,0.0,2
hostile=0.0,3.931,4.400,0.0,2
hostile=0.0,3.933,4.400,0.0,2
hostile=0.0,3.936,4.400,0.0,2
hostile=0.0,3.938,4.400,0.0,2
hostile=0.0,3.940,4.400,0.0,2
hostile=0.0,3.943,4.400,0.0,2
hostile=0.0,3.945,4.400,0.0,2
hostile=0.0,3.948,4.400,0.0,2
hostile=0.0,3.950,4.400,0.0,2
hostile=0.0,3.952,4.400,0.0,2
hostile=0.0,3.955,4.400,0.0,2
hostile=0.0,3.957,4.400,0.0,2
hostile=0.0,3.960,4.400,0.0,2
hostile=0.0,3.962,4.400,0.0,2
hostile=0.0,3.964,4.400,0.0,2
hostile=0.0,3.967,4.400,0.0,2
hostile=0.0,3.969,4.400,0.0,2
hostile=0.0,3.972,4.400,0.0,2
hostile=0.0,3.974,4.400,0.0,2
hostile=0.0,3.976,4.400,0.0,2
hostile=0.0,3.979,4.400,0.0,2
hostile=0.0,3.981,4.400,0.0,2
hostile=0.0,3.984,4.400,0.0,2
hostile=0.0,3.986,4.400,0.0,2
hostile=0.0,3.988,4.400,0.0,2
hostile=0.0,3.991,4.400,0.0,2
hostile=0.0,3.993,4.400,0.0,2
hostile=0.0,3.996,4.400,0.0,2
hostile=0.0,3.998,4.400,0.0,2
hostile=0.0,4.000,4.400,0.0,2
hostile=0.0,4.003,4.400,0.0,2
hostile=0.0,4.005,4.400,0.0,2
hostile=0.0,4.008,4.400,0.0,2
hostile=0.0,4.010,4.400,0.0,2
hostile=0.0,4.012,4.400,0.0,2
hostile=0.0,4.015,4.400,0.0,2
hostile=0.0,4.017,4.400,0.0,2
hostile=0.0,4.020,4.400,0.0,2
hostile=0.0,4.022,4.400,0.0,2
hostile=0.0,4.024,4.400,0.0,2
hostile=0.0,4.027,4.400,0.0,2
hostile=0.0,4.029,4.400,0.0,2
hostile=0.0,4.032,4.400,0.0,2
hostile=0.0,4.034,4.400,0.0,2
hostile=0.0,4.036,4.400,0.0,2
hostile=0.0,4.039,4.400,0.0,2
hostile=0.0,4.041,4.400,0.0,2
hostile=0.0,4.044,4.400,0.0,2
hostile=0.0,4.046,4.400,0.0,2
hostile=0.0,4.048,4.400,0.0,2
hostile=0.0,4.051,4.400,0.0,2
hostile=0.0,4.053,4.400,0.0,2
hostile=0.0,4.056,4.400,0.0,2
hostile=0.0,4.058,4.400,0.0,2
hostile=0.0,4.060,4.400,0.0,2
hostile=0.0,4.063,4.400,0.0,2
hostile=0.0,4.065,4.400,0.0,2
hostile=0.0,4.068,4.400,0.0,2
hostile=0.0,4.070,4.400,0.0,2
hostile=0.0,4.072,4.400,0.0,2
hostile=0.0,4.075,4.400,0.0,2
hostile=0.0,4.077,4.400,0.0,2
hostile=0.0,4.080,4.400,0.0,2
hostile=0.0,4.082,4.400,0.0,2
hostile=0.0,4.084,4.400,0.0,2
hostile=0.0,4.087,4.400,0.0,2
hostile=0.0,4.089,4.400,0.0,2
hostile=0.0,4.092,4.400,0.0,2
hostile=0.0,4.094,4.400,0.0,2
hostile=0.0,4.096,4.400,0.0,2
hostile=0.0,4.099,4.400,0.0,2
hostile=0.0,4.101,4.400,0.0,2
hostile=0.0,4.104,4.400,0.0,2
hostile=0.0,4.106,4.400,0.0,2
hostile=0.0,4.108,4.400,0.0,2
hostile=0.0,4.111,4.400,0.0,2
hostile=0.0,4.113,4.400,0.0,2
hostile=0.0,4.116,4.400,0.0,2
hostile=0.0,4.118,4.400,0.0,2
hostile=0.0,4.120,4.400,0.0,2
hostile=0.0,4.123,4.400,0.0,2
hostile=0.0,4.125,4.400,0.0,2
hostile=0.0,4.128,4.400,0.0,2
hostile=0.0,4.130,4.400,0.0,2
hostile=0.0,4.132,4.400,0.0,2
hostile=0.0,4.135,4.400,0.0,2
hostile=0.0,4.137,4.400,0.0,2
hostile=0.0,4.140,4.400,0.0,2
hostile=0.0,4.142,4.400,0.0,2
hostile=0.0,4.144,4.400,0.0,2
hostile=0.0,4.147,4.400,0.0,2
hostile=0.0,4.149,4.400,0.0,2
hostile=0.0,4.152,4.400,0.0,2
hostile=0.0,4.154,4.400,0.0,2
hostile=0.0,4.156,4.400,0.0,2
hostile=0.0,4.159,4.400,0.0,2
hostile=0.0,4.161,4.400,0.0,2
hostile=0.0,4.164,4.400,0.0,2
hostile=0.0,4.166,4.400,0.0,2
hostile=0.0,4.168,4.400,0.0,2
hostile=0.0,4.171,4.400,0.0,2
hostile=0.0,4.173,4.400,0.0,2
hostile=0.0,4.176,4.400,0.0,2
hostile=0.0,4.178,4.400,0.0,2
hostile=0.0,4.180,4.400,0.0,2
hostile=0.0,4.183,4.400,0.0,2
hostile=0.0,4.185,4.400,0.0,2
hostile=0.0,4.188,4.400,0.0,2
hostile=0.0,4.190,4.400,0.0,2
hostile=0.0,4.192,4.400,0.0,2
hostile=0.0,4.195,4.400,0.0,2
hostile=0.0,4.197,4.400,0.0,2
hostile=0.0,4.200,4.400,0.0,2
hostile=0.0,4.202,4.400,0.0,2
hostile=0.0,4.204,4.400,0.0,2
hostile=0.0,4.207,4.400,0.0,2
hostile=0.0,4.209,4.400,0.0,2
hostile=0.0,4.212,4.400,0.0,2
hostile=0.0,4.214,4.400,0.0,2
hostile=0.0,4.216,4.400,0.0,2
hostile=0.0,4.219,4.400,0.0,2
hostile=0.0,4.221,4.400,0.0,2
hostile=0.0,4.224,4.400,0.0,2
hostile=0.0,4.226,4.400,0.0,2
hostile=0.0,4.228,4.400,0.0,2
hostile=0.0,4.231,4.400,0.0,2
hostile=0.0,4.233,4.400,0.0,2
hostile=0.0,4.236,4.400,0.0,2
hostile=0.0,4.238,4.400,0.0,2
hostile=0.0,4.240,4.400,0.0,2
hostile=0.0,4.243,4.400,0.0,2
hostile=0.0,4.245,4.400,0.0,2
hostile=0.0,4.248,4.400,0.0,2
hostile=0.0,4.250,4.400,0.0,2
hostile=0.0,4.252,4.400,0.0,2
hostile=0.0,4.255,4.400,0.0,2
hostile=0.0,4.257,4.400,0.0,2
hostile=0.0,4.260,4.400,0.0,2
hostile=0.0,4.262,4.400,0.0,2
hostile=0.0,4.264,4.400,0.0,2
hostile=0.0,4.267,4.400,0.0,2
hostile=0.0,4.269,4.400,0.0,2
hostile=0.0,4.272,4.400,0.0,2
hostile=0.0,4.274,4.400,0.0,2
hostile=0.0,4.276,4.400,0.0,2
hostile=0.0,4.279,4.400,0.0,2
hostile=0.0,4.281,4.400,0.0,2
hostile=0.0,4.284,4.400,0.0,2
hostile=0.0,4.286,4.400,0.0,2
hostile=0.0,4.288,4.400,0.0,2
hostile=0.0,4.291,4.400,0.0,2
hostile=0.0,4.293,4.400,0.0,2
hostile=0.0,4.296,4.400,0.0,2
hostile=0.0,4.298,4.400,0.0,2
hostile=0.0,4.300,4.400,0.0,2
hostile=0.0,4.303,4.400,0.0,2
hostile=0.0,4.305,4.400,0.0,2
hostile=0.0,4.308,4.400,0.0,2
hostile=0.0,4.310,4.400,0.0,2
hostile=0.0,4.312,4.400,0.0,2
hostile=0.0,4.315,4.400,0.0,2
hostile=0.0,4.317,4.400,0.0,2
hostile=0.0,4.320,4.400,0.0,2
hostile=0.0,4.322,4.400,0.0,2
hostile=0.0,4.324,4.400,0.0,2
hostile=0.0,4.327,4.400,0.0,2
hostile=0.0,4.329,4.400,0.0,2
hostile=0.0,4.332,4.400,0.0,2
hostile=0.0,4.334,4.400,0.0,2
hostile=0.0,4.336,4.400,0.0,2
hostile=0.0,4.339,4.400,0.0,2
hostile=0.0,4.341,4.400,0.0,2
hostile=0.0,4.344,4.400,0.0,2
hostile=0.0,4.346,4.400,0.0,2
hostile=0.0,4.348,4.400,0.0,2
hostile=0.0,4.351,4.400,0.0,2
hostile=0.0,4.353,4.400,0.0,2
hostile=0.0,4.356,4.400,0.0,2
hostile=0.0,4.358,4.400,0.0,2
hostile=0.0,4.360,4.400,0.0,2
hostile=0.0,4.363,4.400,0.0,2
hostile=0.0,4.365,4.400,0.0,2
hostile=0.0,4.368,4.400,0.0,2
hostile=0.0,4.370,4.400,0.0,2
hostile=0.0,4.372,4.400,0.0,2
hostile=0.0,4.375,4.400,0.0,2
hostile=0.0,4.377,4.400,0.0,2
hostile=0.0,4.380,4.400,0.0,2
hostile=0.0,4.382,4.400,0.0,2
hostile=0.0,4.384,4.400,0.0,2
hostile=0.0,4.387,4.400,0.0,2
hostile=0.0,4.389,4.400,0.0,2
hostile=0.0,4.392,4.400,0.0,2
hostile=0.0,4.394,4.400,0.0,2
hostile=0.0,4.396,4.400,0.0,2
hostile=0.0,4.399,4.400,0.0,2
hostile=0.0,4.401,4.400,0.0,2
hostile=0.0,4.404,4.400,0.0,2
hostile=0.0,4.406,4.400,0.0,2
hostile=0.0,4.408,4.400,0.0,2
hostile=0.0,4.411,4.400,0.0,2
hostile=0.0,4.413,4.400,0.0,2
hostile=0.0,4.416,4.400,0.0,2
hostile=0.0,4.418,4.400,0.0,2
hostile=0.0,4.420,4.400,0.0,2
hostile=0.0,4.423,4.400,0.0,2
hostile=0.0,4.425,4.400,0.0,2
hostile=0.0,4.428,4.400,0.0,2
hostile=0.0,4.430,4.400,0.0,2
hostile=0.0,4.432,4.400,0.0,2
hostile=0.0,4.435,4.400,0.0,2
hostile=0.0,4.437,4.400,0.0,2
hostile=0.0,4.440,4.400,0.0,2
hostile=0.0,4.442,4.400,0.0,2
hostile=0.0,4.444,4.400,0.0,2
hostile=0.0,4.447,4.400,0.0,2
hostile=0.0,4.449,4.400,0.0,2
hostile=0.0,4.452,4.400,0.0,2
hostile=0.0,4.454,4.400,0.0,2
hostile=0.0,4.456,4.400,0.0,2
hostile=0.0,4.459,4.400,0.0,2
hostile=0.0,4.461,4.400,0.0,2
hostile=0.0,4.464,4.400,0.0,2
hostile=0.0,4.466,4.400,0.0,2
hostile=0.0,4.468,4.400,0.0,2
hostile=0.0,4.471,4.400,0.0,2
hostile=0.0,4.473,4.400,0.0,2
hostile=0.0,4.476,4.400,0.0,2
hostile=0.0,4.478,4.400,0.0,2
hostile=0.0,4.480,4.400,0.0,2
hostile=0.0,4.483,4.400,0.0,2
hostile=0.0,4.485,4.400,0.0,2
hostile=0.0,4.488,4.400,0.0,2
hostile=0.0,4.490,4.400,0.0,2
hostile=0.0,4.492,4.400,0.0,2
hostile=0.0,4.495,4.400,0.0,2
hostile=0.0,4.497,4.400,0.0,2
hostile=0.0,4.500,4.400,0.0,2
hostile=0.0,4.502,4.400,0.0,2
hostile=0.0,4.505,4.400,0.0,2
hostile=0.0,4.507,4.400,0.0,2
hostile=0.0,4.509,4.400,0.0,2
hostile=0.0,4.512,4.400,0.0,2
hostile=0.0,4.514,4.400,0.0,2
hostile=0.0,4.517,4.400,0.0,2
hostile=0.0,4.519,4.400,0.0,2
hostile=0.0,4.521,4.400,0.0,2
hostile=0.0,4.524,4.400,0.0,2
hostile=0.0,4.526,4.400,0.0,2
hostile=0.0,4.529,4.400,0.0,2
hostile=0.0,4.531,4.400,0.0,2
hostile=0.0,4.533,4.400,0.0,2
hostile=0.0,4.536,4.400,0.0,2
hostile=0.0,4.538,4.400,0.0,2
hostile=0.0,4.541,4.400,0.0,2
hostile=0.0,4.543,4.400,0.0,2
hostile=0.0,4.545,4.400,0.0,2
hostile=0.0,4.548,4.400,0.0,2
hostile=0.0,4.550,4.400,0.0,2
hostile=0.0,4.553,4.400,0.0,2
hostile=0.0,4.555,4.400,0.0,2
hostile=0.0,4.557,4.400,0.0,2
hostile=0.0,4.560,4.400,0.0,2
hostile=0.0,4.562,4.400,0.0,2
hostile=0.0,4.565,4.400,0.0,2
hostile=0.0,4.567,4.400,0.0,2
hostile=0.0,4.569,4.400,0.0,2
hostile=0.0,4.572,4.400,0.0,2
hostile=0.0,4.574,4.400,0.0,2
hostile=0.0,4.577,4.400,0.0,2
hostile=0.0,4.579,4.400,0.0,2
hostile=0.0,4.581,4.400,0.0,2
hostile=0.0,4.584,4.400,0.0,2
hostile=0.0,4.586,4.400,0.0,2
hostile=0.0,4.589,4.400,0.0,2
hostile=0.0,4.591,4.400,0.0,2
hostile=0.0,4.593,4.400,0.0,2
hostile=0.0,4.596,4.400,0.0,2
hostile=0.0,4.598,4.400,0.0,2
hostile=0.0,4.601,4.400,0.0,2
hostile=0.0,4.603,4.400,0.0,2
hostile=0.0,4.605,4.400,0.0,2
hostile=0.0,4.608,4.400,0.0,2
hostile=0.0,4.610,4.400,0.0,2
hostile=0.0,4.613,4.400,0.0,2
hostile=0.0,4.615,4.400,0.0,2
hostile=0.0,4.617,4.400,0.0,2
hostile=0.0,4.620,4.400,0.0,2
hostile=0.0,4.622,4.400,0.0,2
hostile=0.0,4.625,4.400,0.0,2
hostile=0.0,4.627,4.400,0.0,2
hostile=0.0,4.629,4.400,0.0,2
hostile=0.0,4.632,4.400,0.0,2
hostile=0.0,4.634,4.400,0.0,2
hostile=0.0,4.637,4.400,0.0,2
hostile=0.0,4.639,4.400,0.0,2
hostile=0.0,4.641,4.400,0.0,2
hostile=0.0,4.644,4.400,0.0,2
hostile=0.0,4.646,4.400,0.0,2
hostile=0.0,4.649,4.400,0.0,2
hostile=0.0,4.651,4.400,0.0,2
hostile=0.0,4.653,4.400,0.0,2
hostile=0.0,4.656,4.400,0.0,2
hostile=0.0,4.658,4.400,0.0,2
hostile=0.0,4.661,4.400,0.0,2
hostile=0.0,4.663,4.400,0.0,2
hostile=0.0,4.665,4.400,0.0,2
hostile=0.0,4.668,4.400,0.0,2
hostile=0.0,4.670,4.400,0.0,2
hostile=0.0,4.673,4.400,0.0,2
hostile=0.0,4.675,4.400,0.0,2
hostile=0.0,4.677,4.400,0.0,2
hostile=0.0,4.680,4.400,0.0,2
hostile=0.0,4.682,4.400,0.0,2
hostile=0.0,4.685,4.400,0.0,2
hostile=0.0,4.687,4.400,0.0,2
hostile=0.0,4.689,4.400,0.0,2
hostile=0.0,4.692,4.400,0.0,2
hostile=0.0,4.694,4.400,0.0,2
hostile=0.0,4.697,4.400,0.0,2
hostile=0.0,4.699,4.400,0.0,2
hostile=0.0,4.701,4.400,0.0,2
hostile=0.0,4.704,4.400,0.0,2
hostile=0.0,4.706,4.400,0.0,2
hostile=0.0,4.709,4.400,0.0,2
hostile=0.0,4.711,4.400,0.0,2
hostile=0.0,4.713,4.400,0.0,2
hostile=0.0,4.716,4.400,0.0,2
hostile=0.0,4.718,4.400,0.0,2
hostile=0.0,4.721,4.400,0.0,2
hostile=0.0,4.723,4.400,0.0,2
hostile=0.0,4.725,4.400,0.0,2
hostile=0.0,4.728,4.400,0.0,2
hostile=0.0,4.730,4.400,0.0,2
hostile=0.0,4.733,4.400,0.0,2
hostile=0.0,4.735,4.400,0.0,2
hostile=0.0,4.737,4.400,0.0,2
hostile=0.0,4.740,4.400,0.0,2
hostile=0.0,4.742,4.400,0.0,2
hostile=0.0,4.745,4.400,0.0,2
hostile=0.0,4.747,4.400,0.0,2
hostile=0.0,4.749,4.400,0.0,2
hostile=0.0,4.752,4.400,0.0,2
hostile=0.0,4.754,4.400,0.0,2
hostile=0.0,4.757,4.400,0.0,2
hostile=0.0,4.759,4.400,0.0,2
hostile=0.0,4.761,4.400,0.0,2
hostile=0.0,4.764,4.400,0.0,2
hostile=0.0,4.766,4.400,0.0,2
hostile=0.0,4.769,4.400,0.0,2
hostile=0.0,4.771,4.400,0.0,2
hostile=0.0,4.773,4.400,0.0,2
hostile=0.0,4.776,4.400,0.0,2
hostile=0.0,4.778,4.400,0.0,2
hostile=0.0,4.781,4.400,0.0,2
hostile=0.0,4.783,4.400,0.0,2
hostile=0.0,4.785,4.400,0.0,2
hostile=0.0,4.788,4.400,0.0,2
hostile=0.0,4.790,4.400,0.0,2
hostile=0.0,4.793,4.400,0.0,2
hostile=0.0,4.795,4.400,0.0,2
hostile=0.0,4.797,4.400,0.0,2
hostile=0.0,4.800,4.400,0.0,2
hostile=0.0,4.802,4.400,0.0,2
hostile=0.0,4.805,4.400,0.0,2
hostile=0.0,4.807,4.400,0.0,2
hostile=0.0,4.809,4.400,0.0,2
hostile=0.0,4.812,4.400,0.0,2
hostile=0.0,4.814,4.400,0.0,2
hostile=0.0,4.817,4.400,0.0,2
hostile=0.0,4.819,4.400,0.0,2
hostile=0.0,4.821,4.400,0.0,2
hostile=0.0,4.824,4.400,0.0,2
hostile=0.0,4.826,4.400,0.0,2
hostile=0.0,4.829,4.400,0.0,2
hostile=0.0,4.831,4.400,0.0,2
hostile=0.0,4.833,4.400,0.0,2
hostile=0.0,4.836,4.400,0.0,2
hostile=0.0,4.838,4.400,0.0,2
hostile=0.0,4.841,4.400,0.0,2
hostile=0.0,4.843,4.400,0.0,2
hostile=0.0,4.845,4.400,0.0,2
hostile=0.0,4.848,4.400,0.0,2
hostile=0.0,4.850,4.400,0.0,2
hostile=0.0,4.853,4.400,0.0,2
hostile=0.0,4.855,4.400,0.0,2
hostile=0.0,4.857,4.400,0.0,2
hostile=0.0,4.860,4.400,0.0,2
hostile=0.0,4.862,4.400,0.0,2
hostile=0.0,4.865,4.400,0.0,2
hostile=0.0,4.867,4.400,0.0,2
hostile=0.0,4.869,4.400,0.0,2
hostile=0.0,4.872,4.400,0.0,2
hostile=0.0,4.874,4.400,0.0,2
hostile=0.0,4.877,4.400,0.0,2
hostile=0.0,4.879,4.400,0.0,2
hostile=0.0,4.881,4.400,0.0,2
hostile=0.0,4.884,4.400,0.0,2
hostile=0.0,4.886,4.400,0.0,2
hostile=0.0,4.889,4.400,0.0,2
hostile=0.0,4.891,4.400,0.0,2
hostile=0.0,4.893,4.400,0.0,2
hostile=0.0,4.896,4.400,0.0,2
hostile=0.0,4.898,4.400,0.0,2
hostile=0.0,4.901,4.400,0.0,2
hostile=0.0,4.903,4.400,0.0,2
hostile=0.0,4.905,4.400,0.0,2
hostile=0.0,4.908,4.400,0.0,2
hostile=0.0,4.910,4.400,0.0,2
hostile=0.0,4.913,4.400,0.0,2
hostile=0.0,4.915,4.400,0.0,2
hostile=0.0,4.917,4.400,0.0,2
hostile=0.0,4.920,4.400,0.0,2
hostile=0.0,4.922,4.400,0.0,2
hostile=0.0,4.925,4.400,0.0,2
hostile=0.0,4.927,4.400,0.0,2
hostile=0.0,4.929,4.400,0.0,2
hostile=0.0,4.932,4.400,0.0,2
hostile=0.0,4.934,4.400,0.0,2
hostile=0.0,4.937,4.400,0.0,2
hostile=0.0,4.939,4.400,0.0,2
hostile=0.0,4.941,4.400,0.0,2
hostile=0.0,4.944,4.400,0.0,2
hostile=0.0,4.946,4.400,0.0,2
hostile=0.0,4.949,4.400,0.0,2
hostile=0.0,4.951,4.400,0.0,2
hostile=0.0,4.953,4.400,0.0,2
hostile=0.0,4.956,4.400,0.0,2
hostile=0.0,4.958,4.400,0.0,2
hostile=0.0,4.961,4.400,0.0,2
hostile=0.0,4.963,4.400,0.0,2
hostile=0.0,4.965,4.400,0.0,2
hostile=0.0,4.968,4.400,0.0,2
hostile=0.0,4.970,4.400,0.0,2
hostile=0.0,4.973,4.400,0.0,2
hostile=0.0,4.975,4.400,0.0,2
hostile=0.0,4.977,4.400,0.0,2
hostile=0.0,4.980,4.400,0.0,2
hostile=0.0,4.982,4.400,0.0,2
hostile=0.0,4.985,4.400,0.0,2
hostile=0.0,4.987,4.400,0.0,2
hostile=0.0,4.989,4.400,0.0,2
hostile=0.0,4.992,4.400,0.0,2
hostile=0.0,4.994,4.400,0.0,2
hostile=0.0,4.997,4.400,0.0,2
hostile=0.0,4.999,4.400,0.0,2
hostile=0.0,5.001,4.400,0.0,2
hostile=0.0,5.004,4.400,0.0,2
hostile=0.0,5.006,4.400,0.0,2
hostile=0.0,5.009,4.400,0.0,2
hostile=0.0,5.011,4.400,0.0,2
hostile=0.0,5.013,4.400,0.0,2
hostile=0.0,5.016,4.400,0.0,2
hostile=0.0,5.018,4.400,0.0,2
hostile=0.0,5.021,4.400,0.0,2
hostile=0.0,5.023,4.400,0.0,2
hostile=0.0,5.025,4.400,0.0,2
hostile=0.0,5.028,4.400,0.0,2
hostile=0.0,5.030,4.400,0.0,2
hostile=0.0,5.033,4.400,0.0,2
hostile=0.0,5.035,4.400,0.0,2
hostile=0.0,5.037,4.400,0.0,2
hostile=0.0,5.040,4.400,0.0,2
hostile=0.0,5.042,4.400,0.0,2
hostile=0.0,5.045,4.400,0.0,2
hostile=0.0,5.047,4.400,0.0,2
hostile=0.0,5.049,4.400,0.0,2
hostile=0.0,5.052,4.400,0.0,2
hostile=0.0,5.054,4.400,0.0,2
hostile=0.0,5.057,4.400,0.0,2
hostile=0.0,5.059,4.400,0.0,2
hostile=0.0,5.061,4.400,0.0,2
hostile=0.0,5.064,4.400,0.0,2
hostile=0.0,5.066,4.400,0.0,2
hostile=0.0,5.069,4.400,0.0,2
hostile=0.0,5.071,4.400,0.0,2
hostile=0.0,5.073,4.400,0.0,2
hostile=0.0,5.076,4.400,0.0,2
hostile=0.0,5.078,4.400,0.0,2
hostile=0.0,5.081,4.400,0.0,2
hostile=0.0,5.083,4.400,0.0,2
hostile=0.0,5.085,4.400,0.0,2
hostile=0.0,5.088,4.400,0.0,2
hostile=0.0,5.090,4.400,0.0,2
hostile=0.0,5.093,4.400,0.0,2
hostile=0.0,5.095,4.400,0.0,2
hostile=0.0,5.097,4.400,0.0,2
hostile=0.0,5.100,4.400,0.0,2
hostile=0.0,5.102,4.400,0.0,2
hostile=0.0,5.105,4.400,0.0,2
hostile=0.0,5.107,4.400,0.0,2
hostile=0.0,5.109,4.400,0.0,2
hostile=0.0,5.112,4.400,0.0,2
hostile=0.0,5.114,4.400,0.0,2
hostile=0.0,5.117,4.400,0.0,2
hostile=0.0,5.119,4.400,0.0,2
hostile=0.0,5.121,4.400,0.0,2
hostile=0.0,5.124,4.400,0.0,2
hostile=0.0,5.126,4.400,0.0,2
hostile=0.0,5.129,4.400,0.0,2
hostile=0.0,5.131,4.400,0.0,2
hostile=0.0,5.133,4.400,0.0,2
hostile=0.0,5.136,4.400,0.0,2
hostile=0.0,5.138,4.400,0.0,2
hostile=0.0,5.141,4.400,0.0,2
hostile=0.0,5.143,4.400,0.0,2
hostile=0.0,5.145,4.400,0.0,2
hostile=0.0,5.148,4.400,0.0,2
hostile=0.0,5.150,4.400,0.0,2
hostile=0.0,5.153,4.400,0.0,2
hostile=0.0,5.155,4.400,0.0,2
hostile=0.0,5.157,4.400,0.0,2
hostile=0.0,5.160,4.400,0.0,2
hostile=0.0,5.162,4.400,0.0,2
hostile=0.0,5.165,4.400,0.0,2
hostile=0.0,5.167,4.400,0.0,2
hostile=0.0,5.169,4.400,0.0,2
hostile=0.0,5.172,4.400,0.0,2
hostile=0.0,5.174,4.400,0.0,2
hostile=0.0,5.177,4.400,0.0,2
hostile=0.0,5.179,4.400,0.0,2
hostile=0.0,5.181,4.400,0.0,2
hostile=0.0,5.184,4.400,0.0,2
hostile=0.0,5.186,4.400,0.0,2
hostile=0.0,5.189,4.400,0.0,2
hostile=0.0,5.191,4.400,0.0,2
hostile=0.0,5.193,4.400,0.0,2
hostile=0.0,5.196,4.400,0.0,2
hostile=0.0,5.198,4.400,0.0,2
hostile=0.0,5.201,4.400,0.0,2
hostile=0.0,5.203,4.400,0.0,2
hostile=0.0,5.205,4.400,0.0,2
hostile=0.0,5.208,4.400,0.0,2
hostile=0.0,5.210,4.400,0.0,2
hostile=0.0,5.213,4.400,0.0,2
hostile=0.0,5.215,4.400,0.0,2
hostile=0.0,5.217,4.400,0.0,2
hostile=0.0,5.220,4.400,0.0,2
hostile=0.0,5.222,4.400,0.0,2
hostile=0.0,5.225,4.400,0.0,2
hostile=0.0,5.227,4.400,0.0,2
hostile=0.0,5.229,4.400,0.0,2
hostile=0.0,5.232,4.400,0.0,2
hostile=0.0,5.234,4.400,0.0,2
hostile=0.0,5.237,4.400,0.0,2
hostile=0.0,5.239,4.400,0.0,2
hostile=0.0,5.241,4.400,0.0,2
hostile=0.0,5.244,4.400,0.0,2
hostile=0.0,5.246,4.400,0.0,2
hostile=0.0,5.249,4.400,0.0,2
hostile=0.0,5.251,4.400,0.0,2
hostile=0.0,5.253,4.400,0.0,2
hostile=0.0,5.256,4.400,0.0,2
hostile=0.0,5.258,4.400,0.0,2
hostile=0.0,5.261,4.400,0.0,2
hostile=0.0,5.263,4.400,0.0,2
hostile=0.0,5.265,4.400,0.0,2
hostile=0.0,5.268,4.400,0.0,2
hostile=0.0,5.270,4.400,0.0,2
hostile=0.0,5.273,4.400,0.0,2
hostile=0.0,5.275,4.400,0.0,2
hostile=0.0,5.277,4.400,0.0,2
hostile=0.0,5.280,4.400,0.0,2
hostile=0.0,5.282,4.400,0.0,2
hostile=0.0,5.285,4.400,0.0,2
hostile=0.0,5.287,4.400,0.0,2
hostile=0.0,5.289,4.400,0.0,2
hostile=0.0,5.292,4.400,0.0,2
hostile=0.0,5.294,4.400,0.0,2
hostile=0.0,5.297,4.400,0.0,2
hostile=0.0,5.299,4.400,0.0,2
hostile=0.0,5.301,4.400,0.0,2
hostile=0.0,5.304,4.400,0.0,2
hostile=0.0,5.306,4.400,0.0,2
hostile=0.0,5.309,4.400,0.0,2
hostile=0.0,5.311,4.400,0.0,2
hostile=0.0,5.313,4.400,0.0,2
hostile=0.0,5.316,4.400,0.0,2
hostile=0.0,5.318,4.400,0.0,2
hostile=0.0,5.321,4.400,0.0,2
hostile=0.0,5.323,4.400,0.0,2
hostile=0.0,5.325,4.400,0.0,2
hostile=0.0,5.328,4.400,0.0,2
hostile=0.0,5.330,4.400,0.0,2
hostile=0.0,5.333,4.400,0.0,2
hostile=0.0,5.335,4.400,0.0,2
hostile=0.0,5.337,4.400,0.0,2
hostile=0.0,5.340,4.400,0.0,2
hostile=0.0,5.342,4.400,0.0,2
hostile=0.0,5.345,4.400,0.0,2
hostile=0.0,5.347,4.400,0.0,2
hostile=0.0,5.349,4.400,0.0,2
hostile=0.0,5.352,4.400,0.0,2
hostile=0.0,5.354,4.400,0.0,2
hostile=0.0,5.357,4.400,0.0,2
hostile=0.0,5.359,4.400,0.0,2
hostile=0.0,5.361,4.400,0.0,2
hostile=0.0,5.364,4.400,0.0,2
hostile=0.0,5.366,4.400,0.0,2
hostile=0.0,5.369,4.400,0.0,2
hostile=0.0,5.371,4.400,0.0,2
hostile=0.0,5.373,4.400,0.0,2
hostile=0.0,5.376,4.400,0.0,2
hostile=0.0,5.378,4.400,0.0,2
hostile=0.0,5.381,4.400,0.0,2
hostile=0.0,5.383,4.400,0.0,2
hostile=0.0,5.385,4.400,0.0,2
hostile=0.0,5.388,4.400,0.0,2
hostile=0.0,5.390,4.400,0.0,2
hostile=0.0,5.393,4.400,0.0,2
hostile=0.0,5.395,4.400,0.0,2
hostile=0.0,5.397,4.400,0.0,2
hostile=0.0,5.400,4.400,0.0,2
hostile=0.0,5.402,4.400,0.0,2
hostile=0.0,5.405,4.400,0.0,2
hostile=0.0,5.407,4.400,0.0,2
hostile=0.0,5.409,4.400,0.0,2
hostile=0.0,5.412,4.400,0.0,2
hostile=0.0,5.414,4.400,0.0,2
hostile=0.0,5.417,4.400,0.0,2
hostile=0.0,5.419,4.400,0.0,2
hostile=0.0,5.421,4.400,0.0,2
hostile=0.0,5.424,4.400,0.0,2
hostile=0.0,5.426,4.400,0.0,2
hostile=0.0,5.429,4.400,0.0,2
hostile=0.0,5.431,4.400,0.0,2
hostile=0.0,5.433,4.400,0.0,2
hostile=0.0,5.436,4.400,0.0,2
hostile=0.0,5.438,4.400,0.0,2
hostile=0.0,5.441,4.400,0.0,2
hostile=0.0,5.443,4.400,0.0,2
hostile=0.0,5.445,4.400,0.0,2
hostile=0.0,5.448,4.400,0.0,2
hostile=0.0,5.450,4.400,0.0,2
hostile=0.0,5.453,4.400,0.0,2
hostile=0.0,5.455,4.400,0.0,2
hostile=0.0,5.457,4.400,0.0,2
hostile=0.0,5.460,4.400,0.0,2
hostile=0.0,5.462,4.400,0.0,2
hostile=0.0,5.465,4.400,0.0,2
hostile=0.0,5.467,4.400,0.0,2
hostile=0.0,5.469,4.400,0.0,2
hostile=0.0,5.472,4.400,0.0,2
hostile=0.0,5.474,4.400,0.0,2
hostile=0.0,5.477,4.400,0.0,2
hostile=0.0,5.479,4.400,0.0,2
hostile=0.0,5.481,4.400,0.0,2
hostile=0.0,5.484,4.400,0.0,2
hostile=0.0,5.486,4.400,0.0,2
hostile=0.0,5.489,4.400,0.0,2
hostile=0.0,5.491,4.400,0.0,2
hostile=0.0,5.493,4.400,0.0,2
hostile=0.0,5.496,4.400,0.0,2
hostile=0.0,5.498,4.400,0.0,2
hostile=0.0,5.501,4.400,0.0,2
hostile=0.0,5.503,4.400,0.0,2
hostile=0.0,5.506,4.400,0.0,2
hostile=0.0,5.508,4.400,0.0,2
hostile=0.0,5.510,4.400,0.0,2
hostile=0.0,5.513,4.400,0.0,2
hostile=0.0,5.515,4.400,0.0,2
hostile=0.0,5.518,4.400,0.0,2
hostile=0.0,5.520,4.400,0.0,2
hostile=0.0,5.522,4.400,0.0,2
hostile=0.0,5.525,4.400,0.0,2
hostile=0.0,5.527,4.400,0.0,2
hostile=0.0,5.530,4.400,0.0,2
hostile=0.0,5.532,4.400,0.0,2
hostile=0.0,5.534,4.400,0.0,2
hostile=0.0,5.537,4.400,0.0,2
hostile=0.0,5.539,4.400,0.0,2
hostile=0.0,5.542,4.400,0.0,2
hostile=0.0,5.544,4.400,0.0,2
hostile=0.0,5.546,4.400,0.0,2
hostile=0.0,5.549,4.400,0.0,2
hostile=0.0,5.551,4.400,0.0,2
hostile=0.0,5.554,4.400,0.0,2
hostile=0.0,5.556,4.400,0.0,2
hostile=0.0,5.558,4.400,0.0,2
hostile=0.0,5.561,4.400,0.0,2
hostile=0.0,5.563,4.400,0.0,2
hostile=0.0,5.566,4.400,0.0,2
hostile=0.0,5.568,4.400,0.0,2
hostile=0.0,5.570,4.400,0.0,2
hostile=0.0,5.573,4.400,0.0,2
hostile=0.0,5.575,4.400,0.0,2
hostile=0.0,5.578,4.400,0.0,2
hostile=0.0,5.580,4.400,0.0,2
hostile=0.0,5.582,4.400,0.0,2
hostile=0.0,5.585,4.400,0.0,2
hostile=0.0,5.587,4.400,0.0,2
hostile=0.0,5.590,4.400,0.0,2
hostile=0.0,5.592,4.400,0.0,2
hostile=0.0,5.594,4.400,0.0,2
hostile=0.0,5.597,4.400,0.0,2
hostile=0.0,5.599,4.400,0.0,2
hostile=0.0,5.602,4.400,0.0,2
hostile=0.0,5.604,4.400,0.0,2
hostile=0.0,5.606,4.400,0.0,2
hostile=0.0,5.609,4.400,0.0,2
hostile=0.0,5.611,4.400,0.0,2
hostile=0.0,5.614,4.400,0.0,2
hostile=0.0,5.616,4.400,0.0,2
hostile=0.0,5.618,4.400,0.0,2
hostile=0.0,5.621,4.400,0.0,2
hostile=0.0,5.623,4.400,0.0,2
hostile=0.0,5.626,4.400,0.0,2
hostile=0.0,5.628,4.400,0.0,2
hostile=0.0,5.630,4.400,0.0,2
hostile=0.0,5.633,4.400,0.0,2
hostile=0.0,5.635,4.400,0.0,2
hostile=0.0,5.638,4.400,0.0,2
hostile=0.0,5.640,4.400,0.0,2
hostile=0.0,5.642,4.400,0.0,2
hostile=0.0,5.645,4.400,0.0,2
hostile=0.0,5.647,4.400,0.0,2
hostile=0.0,5.650,4.400,0.0,2
hostile=0.0,5.652,4.400,0.0,2
hostile=0.0,5.654,4.400,0.0,2
hostile=0.0,5.657,4.400,0.0,2
hostile=0.0,5.659,4.400,0.0,2
hostile=0.0,5.662,4.400,0.0,2
hostile=0.0,5.664,4.400,0.0,2
hostile=0.0,5.666,4.400,0.0,2
hostile=0.0,5.669,4.400,0.0,2
hostile=0.0,5.671,4.400,0.0,2
hostile=0.0,5.674,4.400,0.0,2
hostile=0.0,5.676,4.400,0.0,2
hostile=0.0,5.678,4.400,0.0,2
hostile=0.0,5.681,4.400,0.0,2
hostile=0.0,5.683,4.400,0.0,2
hostile=0.0,5.686,4.400,0.0,2
hostile=0.0,5.688,4.400,0.0,2
hostile=0.0,5.690,4.400,0.0,2
hostile=0.0,5.693,4.400,0.0,2
hostile=0.0,5.695,4.400,0.0,2
hostile=0.0,5.698,4.400,0.0,2
hostile=0.0,5.700,4.400,0.0,2
hostile=0.0,5.702,4.400,0.0,2
hostile=0.0,5.705,4.400,0.0,2
hostile=0.0,5.707,4.400,0.0,2
hostile=0.0,5.710,4.400,0.0,2
hostile=0.0,5.712,4.400,0.0,2
hostile=0.0,5.714,4.400,0.0,2
hostile=0.0,5.717,4.400,0.0,2
hostile=0.0,5.719,4.400,0.0,2
hostile=0.0,5.722,4.400,0.0,2
hostile=0.0,5.724,4.400,0.0,2
hostile=0.0,5.726,4.400,0.0,2
hostile=0.0,5.729,4.400,0.0,2
hostile=0.0,5.731,4.400,0.0,2
hostile=0.0,5.734,4.400,0.0,2
hostile=0.0,5.736,4.400,0.0,2
hostile=0.0,5.738,4.400,0.0,2
hostile=0.0,5.741,4.400,0.0,2
hostile=0.0,5.743,4.400,0.0,2
hostile=0.0,5.746,4.400,0.0,2
hostile=0.0,5.748,4.400,0.0,2
hostile=0.0,5.750,4.400,0.0,2
hostile=0.0,5.753,4.400,0.0,2
hostile=0.0,5.755,4.400,0.0,2
hostile=0.0,5.758,4.400,0.0,2
hostile=0.0,5.760,4.400,0.0,2
hostile=0.0,5.762,4.400,0.0,2
hostile=0.0,5.765,4.400,0.0,2
hostile=0.0,5.767,4.400,0.0,2
hostile=0.0,5.770,4.400,0.0,2
hostile=0.0,5.772,4.400,0.0,2
hostile=0.0,5.774,4.400,0.0,2
hostile=0.0,5.777,4.400,0.0,2
hostile=0.0,5.779,4.400,0.0,2
hostile=0.0,5.782,4.400,0.0,2
hostile=0.0,5.784,4.400,0.0,2
hostile=0.0,5.786,4.400,0.0,2
hostile=0.0,5.789,4.400,0.0,2
hostile=0.0,5.791,4.400,0.0,2
hostile=0.0,5.794,4.400,0.0,2
hostile=0.0,5.796,4.400,0.0,2
hostile=0.0,5.798,4.400,0.0,2
hostile=0.0,5.801,4.400,0.0,2
hostile=0.0,5.803,4.400,0.0,2
hostile=0.0,5.806,4.400,0.0,2
hostile=0.0,5.808,4.400,0.0,2
hostile=0.0,5.810,4.400,0.0,2
hostile=0.0,5.813,4.400,0.0,2
hostile=0.0,5.815,4.400,0.0,2
hostile=0.0,5.818,4.400,0.0,2
hostile=0.0,5.820,4.400,0.0,2
hostile=0.0,5.822,4.400,0.0,2
hostile=0.0,5.825,4.400,0.0,2
hostile=0.0,5.827,4.400,0.0,2
hostile=0.0,5.830,4.400,0.0,2
hostile=0.0,5.832,4.400,0.0,2
hostile=0.0,5.834,4.400,0.0,2
hostile=0.0,5.837,4.400,0.0,2
hostile=0.0,5.839,4.400,0.0,2
hostile=0.0,5.842,4.400,0.0,2
hostile=0.0,5.844,4.400,0.0,2
hostile=0.0,5.846,4.400,0.0,2
hostile=0.0,5.849,4.400,0.0,2
hostile=0.0,5.851,4.400,0.0,2
hostile=0.0,5.854,4.400,0.0,2
hostile=0.0,5.856,4.400,0.0,2
hostile=0.0,5.858,4.400,0.0,2
hostile=0.0,5.861,4.400,0.0,2
hostile=0.0,5.863,4.400,0.0,2
hostile=0.0,5.866,4.400,0.0,2
hostile=0.0,5.868,4.400,0.0,2
hostile=0.0,5.870,4.400,0.0,2
hostile=0.0,5.873,4.400,0.0,2
hostile=0.0,5.875,4.400,0.0,2
hostile=0.0,5.878,4.400,0.0,2
hostile=0.0,5.880,4.400,0.0,2
hostile=0.0,5.882,4.400,0.0,2
hostile=0.0,5.885,4.400,0.0,2
hostile=0.0,5.887,4.400,0.0,2
hostile=0.0,5.890,4.400,0.0,2
hostile=0.0,5.892,4.400,0.0,2
hostile=0.0,5.894,4.400,0.0,2
hostile=0.0,5.897,4.400,0.0,2
hostile=0.0,5.899,4.400,0.0,2
hostile=0.0,5.902,4.400,0.0,2
hostile=0.0,5.904,4.400,0.0,2
hostile=0.0,5.906,4.400,0.0,2
hostile=0.0,5.909,4.400,0.0,2
hostile=0.0,5.911,4.400,0.0,2
hostile=0.0,5.914,4.400,0.0,2
hostile=0.0,5.916,4.400,0.0,2
hostile=0.0,5.918,4.400,0.0,2
hostile=0.0,5.921,4.400,0.0,2
hostile=0.0,5.923,4.400,0.0,2
hostile=0.0,5.926,4.400,0.0,2
hostile=0.0,5.928,4.400,0.0,2
hostile=0.0,5.930,4.400,0.0,2
hostile=0.0,5.933,4.400,0.0,2
hostile=0.0,5.935,4.400,0.0,2
hostile=0.0,5.938,4.400,0.0,2
hostile=0.0,5.940,4.400,0.0,2
hostile=0.0,5.942,4.400,0.0,2
hostile=0.0,5.945,4.400,0.0,2
hostile=0.0,5.947,4.400,0.0,2
hostile=0.0,5.950,4.400,0.0,2
hostile=0.0,5.952,4.400,0.0,2
hostile=0.0,5.954,4.400,0.0,2
hostile=0.0,5.957,4.400,0.0,2
hostile=0.0,5.959,4.400,0.0,2
hostile=0.0,5.962,4.400,0.0,2
hostile=0.0,5.964,4.400,0.0,2
hostile=0.0,5.966,4.400,0.0,2
hostile=0.0,5.969,4.400,0.0,2
hostile=0.0,5.971,4.400,0.0,2
hostile=0.0,5.974,4.400,0.0,2
hostile=0.0,5.976,4.400,0.0,2
hostile=0.0,5.978,4.400,0.0,2
hostile=0.0,5.981,4.400,0.0,2
hostile=0.0,5.983,4.400,0.0,2
hostile=0.0,5.986,4.400,0.0,2
hostile=0.0,5.988,4.400,0.0,2
hostile=0.0,5.990,4.400,0.0,2
hostile=0.0,5.993,4.400,0.0,2
hostile=0.0,5.995,4.400,0.0,2
hostile=0.0,5.998,4.400,0.0,2
hostile=0.0,6.000,4.400,0.0,2
difficulty_rate=0.0
max_difficulty_scale=1.0
win_time=999999.0
